POINT,EASTING,NORTHING,ELEVATION
0.1,271540.0078,2104023.106,-14.0345
0.2,271539.4352,2104021.163,-14.8764
0.3,271539.1851,2104020.342,-16.8647
0.4,271539.4167,2104021.149,-18.983
0.5,271539.9678,2104023.223,-19.7969
0.6,271540.5851,2104025.107,-18.9582
0.7,271540.8209,2104025.9,-16.9157
0.8,271540.5821,2104025.049,-14.8396
1.1,271538.6835,2104023.545,-14.0183
1.2,271538.0962,2104021.62,-14.8295
1.3,271537.8236,2104020.759,-16.8915
1.4,271538.0511,2104021.547,-18.9601
1.5,271538.632,2104023.626,-19.8214
1.6,271539.2521,2104025.475,-18.9944
1.7,271539.5086,2104026.299,-16.9505
1.8,271539.2717,2104025.493,-14.8766
2.1,271537.3354,2104023.988,-14.0263
2.2,271536.7141,2104021.989,-14.8746
2.3,271536.4657,2104021.184,-16.9413
2.4,271536.7222,2104021.976,-18.9788
2.5,271537.3454,2104024.001,-19.8289
2.6,271537.9448,2104025.9,-18.9723
2.7,271538.1858,2104026.711,-16.9414
2.8,271537.9325,2104025.902,-14.8726
3.1,271536.0093,2104024.368,-14.0292
3.2,271535.4092,2104022.415,-14.8569
3.3,271535.1455,2104021.587,-16.8798
3.4,271535.3863,2104022.401,-18.9832
3.5,271535.996,2104024.452,-19.827
3.6,271536.5811,2104026.322,-18.9849
3.7,271536.8305,2104027.125,-16.9152
3.8,271536.5948,2104026.314,-14.8872
4.1,271534.6531,2104024.784,-14.035
4.2,271534.0412,2104022.809,-14.8727
4.3,271533.7925,2104022,-16.9337
4.4,271534.0483,2104022.811,-18.9866
4.5,271534.6452,2104024.785,-19.8292
4.6,271535.262,2104026.709,-18.9905
4.7,271535.5095,2104027.525,-16.9367
4.8,271535.2581,2104026.734,-14.8935
5.1,271533.348,2104025.164,-14.0267
5.2,271532.7414,2104023.176,-14.8989
5.3,271532.4953,2104022.396,-16.868
5.4,271532.7258,2104023.2,-18.9682
5.5,271533.3294,2104025.21,-19.8241
5.6,271533.9154,2104027.119,-18.9919
5.7,271534.176,2104027.928,-16.9083
5.8,271533.9416,2104027.137,-14.8898
6.1,271531.9951,2104025.585,-14.0213
6.2,271531.3871,2104023.623,-14.8721
6.3,271531.1385,2104022.809,-16.8977
6.4,271531.3818,2104023.589,-18.9464
6.5,271532.0056,2104025.611,-19.8253
6.6,271532.5979,2104027.511,-18.9997
6.7,271532.855,2104028.332,-16.9314
6.8,271532.604,2104027.532,-14.8791
7.1,271530.6706,2104025.985,-14.0191
7.2,271530.0687,2104024.011,-14.8884
7.3,271529.8181,2104023.216,-16.9301
7.4,271530.0515,2104024.027,-18.9861
7.5,271530.6283,2104025.961,-19.8278
7.6,271531.2318,2104027.918,-18.9995
7.7,271531.4984,2104028.747,-16.8937
7.8,271531.2604,2104027.935,-14.8705
8.1,271529.3257,2104026.37,-14.007
8.2,271528.7456,2104024.415,-14.8739
8.3,271528.4989,2104023.608,-16.8921
8.4,271528.7227,2104024.408,-18.9701
8.5,271529.2875,2104026.399,-19.8251
8.6,271529.874,2104028.327,-18.9873
8.7,271530.1317,2104029.152,-16.9288
8.8,271529.9081,2104028.362,-14.8798
9.1,271527.9816,2104026.762,-14.0027
9.2,271527.3846,2104024.816,-14.8636
9.3,271527.1307,2104024.012,-16.9135
9.4,271527.3667,2104024.823,-18.9788
9.5,271527.9441,2104026.801,-19.8258
9.6,271528.5503,2104028.724,-18.9773
9.7,271528.8103,2104029.537,-16.8674
9.8,271528.5874,2104028.763,-14.8901
10.1,271526.6329,2104027.143,-14.0044
10.2,271526.0522,2104025.186,-14.8781
10.3,271525.8105,2104024.401,-16.8728
10.4,271526.0365,2104025.203,-18.9571
10.5,271526.6243,2104027.221,-19.8198
10.6,271527.1924,2104029.136,-18.9736
10.7,271527.4441,2104029.944,-16.9265
10.8,271527.2122,2104029.122,-14.8485
11.1,271525.2728,2104027.544,-14.0039
11.2,271524.7117,2104025.581,-14.8618
11.3,271524.4806,2104024.777,-16.9353
11.4,271524.7199,2104025.595,-18.9752
11.5,271525.3096,2104027.654,-19.8182
11.6,271525.8478,2104029.52,-18.9761
11.7,271526.0812,2104030.334,-16.9034
11.8,271525.8481,2104029.539,-14.8815
12.1,271523.9395,2104027.904,-14.0119
12.2,271523.3554,2104025.947,-14.8842
12.3,271523.1135,2104025.167,-16.8349
12.4,271523.3454,2104025.977,-18.9738
12.5,271523.9428,2104027.938,-19.8236
12.6,271524.4953,2104029.882,-18.998
12.7,271524.7514,2104030.707,-16.9162
12.8,271524.5277,2104029.918,-14.8848
13.1,271522.5729,2104028.289,-14.0118
13.2,271522.0087,2104026.335,-14.8782
13.3,271521.7839,2104025.538,-16.9364
13.4,271522.0194,2104026.338,-18.9714
13.5,271522.6244,2104028.307,-19.8239
13.6,271523.1551,2104030.286,-18.9744
13.7,271523.3834,2104031.081,-16.8738
13.8,271523.1545,2104030.298,-14.8915
14.1,271521.252,2104028.678,-14.012
14.2,271520.6887,2104026.711,-14.8728
14.3,271520.4456,2104025.914,-16.8448
14.4,271520.6631,2104026.726,-18.9714
14.5,271521.2193,2104028.695,-19.8247
14.6,271521.7779,2104030.652,-18.9891
14.7,271522.0267,2104031.468,-16.9076
14.8,271521.7989,2104030.616,-14.8303
15.1,271519.8815,2104029.044,-14.0104
15.2,271519.3439,2104027.103,-14.8525
15.3,271519.1167,2104026.28,-16.863
15.4,271519.3377,2104027.091,-18.9694
15.5,271519.8863,2104028.995,-19.8208
15.6,271520.4363,2104031.05,-18.96
15.7,271520.6558,2104031.846,-16.8687
15.8,271520.4351,2104031.037,-14.8667
16.1,271518.5319,2104029.423,-14.0078
16.2,271518.0049,2104027.455,-14.8624
16.3,271517.7868,2104026.636,-16.88
16.4,271518.005,2104027.457,-18.9748
16.5,271518.5171,2104029.353,-19.8168
16.6,271519.0692,2104031.434,-18.9424
16.7,271519.2867,2104032.218,-16.9005
16.8,271519.0643,2104031.393,-14.8454
17.1,271517.1791,2104029.785,-14.0064
17.2,271516.6392,2104027.837,-14.8434
17.3,271516.4105,2104027.009,-16.8748
17.4,271516.6342,2104027.819,-18.9644
17.5,271517.1936,2104029.737,-19.8187
17.6,271517.7305,2104031.768,-18.9604
17.7,271517.9543,2104032.573,-16.8893
17.8,271517.7322,2104031.771,-14.8616
18.1,271515.8369,2104030.177,-14.0006
18.2,271515.3025,2104028.188,-14.8489
18.3,271515.0837,2104027.364,-16.8663
18.4,271515.2975,2104028.178,-18.9577
18.5,271515.8929,2104030.13,-19.8112
18.6,271516.364,2104032.147,-18.9462
18.7,271516.5813,2104032.946,-16.8871
18.8,271516.3632,2104032.134,-14.8526
19.1,271514.4923,2104030.506,-14.0042
19.2,271513.9655,2104028.502,-14.8834
19.3,271513.7482,2104027.713,-16.8743
19.4,271513.9413,2104028.526,-18.9542
19.5,271514.4729,2104030.504,-19.8134
19.6,271514.9829,2104032.503,-18.9553
19.7,271515.2079,2104033.305,-16.9081
19.8,271515.0116,2104032.501,-14.8659
20.1,271513.144,2104030.88,-13.996
20.2,271512.6341,2104028.878,-14.8424
20.3,271512.417,2104028.057,-16.8561
20.4,271512.6054,2104028.877,-18.9506
20.5,271513.1115,2104030.833,-19.8092
20.6,271513.6068,2104032.841,-18.9627
20.7,271513.8279,2104033.663,-16.9069
20.8,271513.6306,2104032.828,-14.8352
25.1,271506.3184,2104032.572,-13.9876
25.2,271505.8548,2104030.538,-14.8236
25.3,271505.6601,2104029.699,-16.7961
25.4,271505.8387,2104030.511,-18.9236
25.5,271506.2759,2104032.517,-19.7862
25.6,271506.7453,2104034.506,-18.9588
25.7,271506.9342,2104035.349,-16.9018
25.8,271506.7577,2104034.534,-14.8564
30.1,271499.504,2104034.057,-13.9801
30.2,271499.0776,2104032.001,-14.8287
30.3,271498.8839,2104031.178,-16.9067
30.4,271499.0243,2104031.983,-18.9158
30.5,271499.4258,2104034.001,-19.7762
30.6,271499.8393,2104036.001,-18.9541
30.7,271500.0312,2104036.85,-16.885
30.8,271499.8843,2104035.991,-14.8073
35.1,271492.5821,2104035.339,-13.9653
35.2,271492.2185,2104033.328,-14.8007
35.3,271492.066,2104032.481,-16.792
35.4,271492.2235,2104033.314,-18.9175
35.5,271492.5675,2104035.301,-19.7715
35.6,271492.9531,2104037.338,-18.9305
35.7,271493.0993,2104038.173,-16.8899
35.8,271492.947,2104037.343,-14.8209
40.1,271485.6755,2104036.487,-13.9825
40.2,271485.3842,2104034.438,-14.8216
40.3,271485.2697,2104033.589,-16.8691
40.4,271485.3908,2104034.406,-18.9222
40.5,271485.6625,2104036.446,-19.7871
40.6,271485.9679,2104038.48,-18.9461
40.7,271486.0807,2104039.323,-16.9214
40.8,271485.9624,2104038.49,-14.8457
45.1,271478.7215,2104037.397,-13.9955
45.2,271478.5138,2104035.358,-14.8032
45.3,271478.4356,2104034.482,-16.8202
45.4,271478.534,2104035.3,-18.9156
45.5,271478.754,2104037.363,-19.7941
45.6,271478.9645,2104039.384,-18.9662
45.7,271479.0358,2104040.231,-16.9504
45.8,271478.936,2104039.41,-14.8578
50.1,271471.8156,2104038.084,-14.0113
50.2,271471.642,2104036.028,-14.828
50.3,271471.5579,2104035.16,-16.906
50.4,271471.609,2104035.991,-18.9501
50.5,271471.7652,2104038.013,-19.8079
50.6,271471.9459,2104040.051,-18.996
50.7,271472.0358,2104040.929,-16.9198
50.8,271471.9798,2104040.104,-14.8753
55.1,271464.7738,2104038.531,-14.0448
55.2,271464.6895,2104036.497,-14.8597
55.3,271464.6758,2104035.62,-16.9235
55.4,271464.7372,2104036.45,-18.9858
55.5,271464.8458,2104038.497,-19.8473
55.6,271464.9291,2104040.533,-19.0175
55.7,271464.951,2104041.402,-16.959
55.8,271464.885,2104040.572,-14.9101
60.1,271457.8023,2104038.786,-14.0658
60.2,271457.7765,2104036.722,-14.9069
60.3,271457.7765,2104035.861,-16.9303
60.4,271457.7911,2104036.68,-18.9863
60.5,271457.8302,2104038.739,-19.8681
60.6,271457.8497,2104040.798,-19.038
60.7,271457.8614,2104041.653,-16.9806
60.8,271457.84,2104040.808,-14.9164
65.1,271450.8124,2104038.866,-14.0956
65.2,271450.8435,2104036.857,-14.8569
65.3,271450.8649,2104035.921,-16.8632
65.4,271450.852,2104036.751,-19.0376
65.5,271450.8279,2104038.774,-19.8991
65.6,271450.7894,2104040.459,-19.3783
65.7,271450.7713,2104041.709,-17.021
65.8,271450.7813,2104040.92,-15.0022
70.1,271443.8007,2104038.781,-14.1263
70.2,271443.8877,2104036.682,-14.9479
70.3,271443.9224,2104035.797,-16.9574
70.4,271443.887,2104036.606,-19.0642
70.5,271443.7944,2104038.632,-19.929
70.6,271443.7124,2104040.68,-19.1243
70.7,271443.6724,2104041.568,-17.0542
70.8,271443.7157,2104040.755,-15.0129
75.1,271436.8126,2104038.324,-14.1689
75.2,271436.9605,2104036.289,-14.9714
75.3,271437.0265,2104035.407,-16.9645
75.4,271436.97,2104036.203,-19.0868
75.5,271436.7984,2104038.307,-19.9708
75.6,271436.6638,2104040.277,-19.1689
75.7,271436.5948,2104041.168,-17.0987
75.8,271436.6614,2104040.34,-15.0417
80.1,271429.8241,2104037.766,-14.1795
80.2,271430.029,2104035.681,-15.0049
80.3,271430.1205,2104034.831,-17.0188
80.4,271430.0477,2104035.64,-19.1035
80.5,271429.8302,2104037.68,-19.9792
80.6,271429.6463,2104039.708,-19.1743
80.7,271429.5524,2104040.58,-17.1348
80.8,271429.6326,2104039.768,-15.0666
85.1,271422.8734,2104037.007,-14.2028
85.2,271423.1574,2104034.948,-15.018
85.3,271423.2749,2104034.084,-16.9659
85.4,271423.1659,2104034.868,-19.1207
85.5,271422.8667,2104036.933,-20.0073
85.6,271422.5998,2104038.928,-19.2054
85.7,271422.4799,2104039.797,-17.1615
85.8,271422.5992,2104038.996,-15.0982
90.1,271415.9238,2104035.973,-14.2402
90.2,271416.2527,2104033.946,-15.0443
90.3,271416.4097,2104033.07,-17.071
90.4,271416.3031,2104033.883,-19.1742
90.5,271415.9705,2104035.929,-20.042
90.6,271415.6481,2104037.935,-19.2084
90.7,271415.4911,2104038.783,-17.184
90.8,271415.6095,2104037.971,-15.1192
95.1,271409.0498,2104034.751,-14.2697
95.2,271409.4509,2104032.714,-15.1028
95.3,271409.6213,2104031.865,-17.0596
95.4,271409.4735,2104032.661,-19.1993
95.5,271409.0464,2104034.723,-20.0745
95.6,271408.6755,2104036.688,-19.2437
95.7,271408.5019,2104037.54,-17.2094
95.8,271408.6611,2104036.74,-15.1455
100.1,271402.2366,2104033.285,-14.2965
100.2,271402.6971,2104031.27,-15.1428
100.3,271402.8852,2104030.442,-17.1489
100.4,271402.6907,2104031.264,-19.2493
100.5,271402.2197,2104033.259,-20.0901
100.6,271401.78,2104035.254,-19.2462
100.7,271401.598,2104036.08,-17.1981
100.8,271401.7898,2104035.249,-15.1295
105.1,271395.4441,2104031.618,-14.3084
105.2,271395.9492,2104029.673,-15.1433
105.3,271396.1632,2104028.836,-17.2259
105.4,271395.9323,2104029.684,-19.3057
105.5,271395.4205,2104031.63,-20.1101
105.6,271394.8969,2104033.647,-19.2301
105.7,271394.7053,2104034.435,-17.167
105.8,271394.9216,2104033.623,-15.1657
110.1,271388.6693,2104029.807,-14.3178
110.2,271389.2552,2104027.83,-15.1828
110.3,271389.4988,2104027.026,-17.2111
110.4,271389.263,2104027.821,-19.2707
110.5,271388.7052,2104029.759,-20.1274
110.6,271388.0973,2104031.768,-19.2659
110.7,271387.8623,2104032.572,-17.1954
110.8,271388.1066,2104031.721,-15.1353
115.1,271381.9841,2104027.713,-14.3614
115.2,271382.6023,2104025.802,-15.2103
115.3,271382.8731,2104024.992,-17.2357
115.4,271382.6266,2104025.785,-19.3095
115.5,271382.0438,2104027.749,-20.1608
115.6,271381.3673,2104029.696,-19.3084
115.7,271381.1039,2104030.501,-17.2546
115.8,271381.3519,2104029.7,-15.2143
120.1,271375.3413,2104025.503,-14.3752
120.2,271376.0365,2104023.558,-15.2302
120.3,271376.3156,2104022.764,-17.1976
120.4,271376.0381,2104023.536,-19.322
120.5,271375.3219,2104025.482,-20.1788
120.6,271374.6509,2104027.404,-19.3347
120.7,271374.3667,2104028.207,-17.2695
120.8,271374.6617,2104027.406,-15.2288
125.1,271368.7652,2104023.052,-14.4079
125.2,271369.525,2104021.157,-15.2507
125.3,271369.8523,2104020.356,-17.2674
125.4,271369.559,2104021.129,-19.3563
125.5,271368.8369,2104023.055,-20.2201
125.6,271368.0454,2104024.916,-19.3938
125.7,271367.7137,2104025.727,-17.3199
125.8,271368.0213,2104024.935,-15.2575
130.1,271362.2998,2104020.438,-14.4398
130.2,271363.118,2104018.547,-15.2796
130.3,271363.4508,2104017.752,-17.2463
130.4,271363.115,2104018.507,-19.3825
130.5,271362.2467,2104020.431,-20.2336
130.6,271361.4766,2104022.279,-19.3874
130.7,271361.1419,2104023.061,-17.3412
130.8,271361.4826,2104022.301,-15.2945
135.1,271355.8722,2104017.555,-14.4674
135.2,271356.7493,2104015.694,-15.3179
135.3,271357.1251,2104014.927,-17.3487
135.4,271356.7931,2104015.698,-19.4187
135.5,271355.9236,2104017.565,-20.2633
135.6,271355.0471,2104019.447,-19.3786
135.7,271354.6805,2104020.175,-17.3446
135.8,271355.0212,2104019.4,-15.3083
140.1,271349.5651,2104014.544,-14.4955
140.2,271350.5238,2104012.698,-15.3479
140.3,271350.9258,2104011.941,-17.3821
140.4,271350.5571,2104012.687,-19.4435
140.5,271349.5887,2104014.548,-20.2944
140.6,271348.6812,2104016.334,-19.4539
140.7,271348.2705,2104017.089,-17.4205
140.8,271348.6458,2104016.331,-15.3411
145.1,271343.371,2104011.333,-14.5294
145.2,271344.3577,2104009.498,-15.3613
145.3,271344.7599,2104008.736,-17.3965
145.4,271344.3652,2104009.468,-19.4694
145.5,271343.3724,2104011.28,-20.3223
145.6,271342.4197,2104013.075,-19.4962
145.7,271342.0132,2104013.834,-17.4408
145.8,271342.4195,2104013.091,-15.3811
150.1,271337.2901,2104007.877,-14.5403
150.2,271338.324,2104006.126,-15.3783
150.3,271338.7657,2104005.383,-17.4544
150.4,271338.3338,2104006.125,-19.5098
150.5,271337.3102,2104007.894,-20.3333
150.6,271336.2674,2104009.649,-19.4912
150.7,271335.84,2104010.377,-17.4146
150.8,271336.2456,2104009.66,-15.4077
155.1,271331.3014,2104004.274,-14.5659
155.2,271332.3851,2104002.543,-15.4138
155.3,271332.8384,2104001.82,-17.4326
155.4,271332.3835,2104002.53,-19.5194
155.5,271331.3238,2104004.259,-20.3657
155.6,271330.2763,2104005.906,-19.6378
155.7,271329.7712,2104006.733,-17.4669
155.8,271330.2446,2104005.972,-15.3708
160.1,271325.408,2104000.464,-14.597
160.2,271326.5417,2103998.795,-15.4409
160.3,271327.0349,2103998.088,-17.4952
160.4,271326.5778,2103998.778,-19.5473
160.5,271325.4258,2104000.501,-20.398
160.6,271324.3326,2104002.108,-19.637
160.7,271323.7995,2104002.89,-17.4704
160.8,271324.2685,2104002.166,-15.4272
165.1,271319.627,2103996.532,-14.6115
165.2,271320.8231,2103994.863,-15.4727
165.3,271321.3207,2103994.179,-17.4854
165.4,271320.818,2103994.88,-19.5834
165.5,271319.6528,2103996.535,-20.4189
165.6,271318.4938,2103998.138,-19.6406
165.7,271317.9566,2103998.892,-17.4949
165.8,271318.465,2103998.166,-15.4228
170.1,271313.9465,2103992.396,-14.6509
170.2,271315.1806,2103990.761,-15.512
170.3,271315.6791,2103990.114,-17.2807
170.4,271315.1959,2103990.79,-19.6106
170.5,271313.9569,2103992.402,-20.4507
170.6,271312.7288,2103994.069,-19.5743
170.7,271312.2216,2103994.72,-17.5057
170.8,271312.7269,2103994.026,-15.4808
175.1,271308.4081,2103988.106,-14.6724
175.2,271309.7073,2103986.518,-15.5359
175.3,271310.2449,2103985.878,-17.4675
175.4,271309.7338,2103986.537,-19.6374
175.5,271308.4177,2103988.14,-20.487
175.6,271307.1397,2103989.724,-19.6172
175.7,271306.6019,2103990.36,-17.572
175.8,271307.1257,2103989.697,-15.5256
180.1,271303.0258,2103983.626,-14.6996
180.2,271304.3492,2103982.082,-15.5419
180.3,271304.9164,2103981.444,-17.5503
180.4,271304.3868,2103982.105,-19.6567
180.5,271303.0434,2103983.637,-20.4974
180.6,271301.7204,2103985.222,-19.6497
180.7,271301.158,2103985.846,-17.5935
180.8,271301.6863,2103985.204,-15.5575
185.1,271297.7922,2103979.013,-14.7262
185.2,271299.1837,2103977.484,-15.5842
185.3,271299.7468,2103976.866,-17.6461
185.4,271299.1833,2103977.495,-19.6841
185.5,271297.7916,2103978.991,-20.5213
185.6,271296.4092,2103980.532,-19.6601
185.7,271295.8418,2103981.147,-17.6141
185.8,271296.4432,2103980.493,-15.541
190.1,271292.6701,2103974.192,-14.7607
190.2,271294.0952,2103972.737,-15.6163
190.3,271294.6967,2103972.147,-17.6056
190.4,271294.1126,2103972.783,-19.7255
190.5,271292.7186,2103974.216,-20.5559
190.6,271291.26,2103975.727,-19.6884
190.7,271290.6646,2103976.306,-17.6321
190.8,271291.2404,2103975.678,-15.6003
195.1,271287.6765,2103969.335,-14.7947
195.2,271289.1395,2103967.891,-15.6358
195.3,271289.749,2103967.286,-17.6947
195.4,271289.152,2103967.879,-19.7515
195.5,271287.6816,2103969.325,-20.5891
195.6,271286.2258,2103970.763,-19.7409
195.7,271285.6257,2103971.353,-17.6827
195.8,271286.2363,2103970.753,-15.6371
200.1,271282.7775,2103964.313,-14.8341
200.2,271284.2696,2103962.889,-15.7017
200.3,271284.877,2103962.318,-17.7434
200.4,271284.2725,2103962.918,-19.7995
200.5,271282.7906,2103964.317,-20.6224
200.6,271281.296,2103965.76,-19.7632
200.7,271280.6932,2103966.323,-17.7058
200.8,271281.3024,2103965.732,-15.6769
205.1,271278.0259,2103959.198,-14.8705
205.2,271279.4907,2103957.855,-15.7088
205.3,271280.1346,2103957.275,-17.7656
205.4,271279.5078,2103957.864,-19.8373
205.5,271278.0794,2103959.212,-20.6528
205.6,271276.5043,2103960.634,-19.807
205.7,271275.8804,2103961.2,-17.7271
205.8,271276.5023,2103960.613,-15.6894
210.1,271273.2782,2103954.067,-14.8923
210.2,271274.79,2103952.701,-15.7453
210.3,271275.4211,2103952.134,-17.8052
210.4,271274.7943,2103952.702,-19.8469
210.5,271273.309,2103954.084,-20.6861
210.6,271271.7538,2103955.457,-19.8401
210.7,271271.1274,2103956.03,-17.769
210.8,271271.7642,2103955.442,-15.7237
215.1,271268.5649,2103948.872,-14.9383
215.2,271270.0855,2103947.529,-15.7665
215.3,271270.7457,2103946.954,-17.8207
215.4,271270.1232,2103947.519,-19.8898
215.5,271268.6237,2103948.895,-20.7321
215.6,271267.0695,2103950.241,-19.8962
215.7,271266.42,2103950.815,-17.8323
215.8,271267.0309,2103950.252,-15.7953
220.1,271263.9123,2103943.657,-14.9693
220.2,271265.4316,2103942.326,-15.7954
220.3,271266.0964,2103941.753,-17.8436
220.4,271265.4646,2103942.304,-19.9204
220.5,271263.9595,2103943.651,-20.7615
220.6,271262.3767,2103945.015,-19.9162
220.7,271261.741,2103945.579,-17.8712
220.8,271262.3784,2103945.011,-15.8108
225.1,271259.2444,2103938.424,-15.0023
225.2,271260.7857,2103937.058,-15.8404
225.3,271261.4445,2103936.491,-17.8404
225.4,271260.8283,2103937.047,-19.9294
225.5,271259.3051,2103938.423,-20.7936
225.6,271257.7627,2103939.778,-19.9617
225.7,271257.1147,2103940.355,-17.8884
225.8,271257.7433,2103939.775,-15.8414
230.1,271254.653,2103933.152,-15.0307
230.2,271256.1641,2103931.832,-15.8596
230.3,271256.8247,2103931.263,-17.9321
230.4,271256.202,2103931.806,-19.9542
230.5,271254.6702,2103933.184,-20.8169
230.6,271253.1073,2103934.519,-19.986
230.7,271252.4667,2103935.091,-17.9324
230.8,271253.097,2103934.525,-15.8698
235.1,271249.9958,2103927.909,-15.0649
235.2,271251.5074,2103926.573,-15.8827
235.3,271252.1768,2103925.997,-17.9179
235.4,271251.5624,2103926.563,-19.9978
235.5,271250.0225,2103927.946,-20.8503
235.6,271248.4769,2103929.307,-19.9887
235.7,271247.85,2103929.857,-17.9777
235.8,271248.4638,2103929.29,-15.9151
240.1,271245.3445,2103922.661,-15.0858
240.2,271246.8626,2103921.336,-15.8875
240.3,271247.5446,2103920.751,-17.9236
240.4,271246.9242,2103921.304,-20.0124
240.5,271245.3638,2103922.681,-20.8784
240.6,271243.84,2103924.011,-20.0453
240.7,271243.18,2103924.574,-18.0268
240.8,271243.8004,2103924.02,-15.954
245.1,271240.7255,2103917.43,-15.1031
245.2,271242.2383,2103916.085,-15.9133
245.3,271242.9016,2103915.492,-17.955
245.4,271242.2976,2103916.027,-20.019
245.5,271240.7781,2103917.343,-20.8945
245.6,271239.2299,2103918.744,-20.0855
245.7,271238.5649,2103919.329,-18.0542
245.8,271239.1923,2103918.789,-15.9728
250.1,271236.1088,2103912.139,-15.1384
250.2,271237.6064,2103910.833,-15.9502
250.3,271238.2823,2103910.256,-17.8997
250.4,271237.6742,2103910.811,-20.0563
250.5,271236.1062,2103912.124,-20.9263
250.6,271234.5939,2103913.5,-20.1184
250.7,271233.9227,2103914.069,-18.132
250.8,271234.5599,2103913.497,-15.9664
255.1,271231.4322,2103906.953,-15.1552
255.2,271232.9557,2103905.6,-15.9489
255.3,271233.6364,2103904.992,-17.9772
255.4,271233.0456,2103905.524,-20.0607
255.5,271231.4649,2103906.887,-20.9414
255.6,271229.9698,2103908.243,-20.1393
255.7,271229.2994,2103908.835,-18.1015
255.8,271229.9376,2103908.276,-16.001
260.1,271226.8703,2103901.62,-15.1882
260.2,271228.3155,2103900.315,-15.9908
260.3,271228.9886,2103899.721,-18.0228
260.4,271228.4042,2103900.277,-20.1084
260.5,271226.8234,2103901.545,-20.9826
260.6,271225.3445,2103903.033,-20.1481
260.7,271224.6926,2103903.604,-18.1152
260.8,271225.2925,2103903.047,-16.0637
265.1,271222.2076,2103896.383,-15.2129
265.2,271223.7054,2103895.062,-16.0465
265.3,271224.3612,2103894.502,-18.0427
265.4,271223.7719,2103895.059,-20.1528
265.5,271222.2287,2103896.444,-21.0152
265.6,271220.6942,2103897.782,-20.1777
265.7,271220.0386,2103898.342,-18.1441
265.8,271220.647,2103897.78,-16.0874
270.1,271217.5973,2103891.128,-15.2434
270.2,271219.0299,2103889.837,-16.0445
270.3,271219.7053,2103889.25,-18.0691
270.4,271219.0929,2103889.825,-20.186
270.5,271217.537,2103891.204,-21.0339
270.6,271216.0209,2103892.581,-20.1759
270.7,271215.3934,2103893.122,-18.1813
270.8,271216.0169,2103892.558,-16.1
275.1,271212.8957,2103885.967,-15.2685
275.2,271214.4259,2103884.6,-16.1173
275.3,271215.0612,2103884.036,-18.1046
275.4,271214.4545,2103884.579,-20.1912
275.5,271212.9357,2103885.93,-21.06
275.6,271211.3715,2103887.315,-20.2285
275.7,271210.7358,2103887.877,-18.0402
275.8,271211.3437,2103887.344,-16.1517
280.1,271208.1855,2103880.798,-15.3016
280.2,271209.696,2103879.443,-16.091
280.3,271210.3822,2103878.842,-18.1485
280.4,271209.7964,2103879.378,-20.2141
280.5,271208.1971,2103880.792,-21.104
280.6,271206.7523,2103882.118,-20.2925
280.7,271206.0782,2103882.712,-18.2405
280.8,271206.6859,2103882.153,-16.1714
285.1,271203.4888,2103875.636,-15.3024
285.2,271205.0072,2103874.275,-16.1193
285.3,271205.6675,2103873.674,-18.1531
285.4,271205.0628,2103874.199,-20.2158
285.5,271203.4783,2103875.581,-21.0928
285.6,271201.9409,2103877.005,-20.1998
285.7,271201.3674,2103877.527,-18.5036
285.8,271201.9526,2103877.012,-16.2022
290.1,271198.7257,2103870.485,-15.3123
290.2,271200.2082,2103869.096,-16.1326
290.3,271200.8544,2103868.5,-18.1276
290.4,271200.2731,2103869.044,-20.2216
290.5,271198.7505,2103870.454,-21.1062
290.6,271197.2637,2103871.88,-20.2686
290.7,271196.6377,2103872.464,-18.2715
290.8,271197.2358,2103871.894,-16.1782
295.1,271193.8467,2103865.445,-15.3608
295.2,271195.3387,2103864.009,-16.1673
295.3,271195.9899,2103863.402,-18.1622
295.4,271195.437,2103863.955,-20.2519
295.5,271193.876,2103865.351,-21.1525
295.6,271192.4184,2103866.881,-20.2638
295.7,271191.8364,2103867.43,-18.0974
295.8,271192.419,2103866.843,-16.2236
300.1,271188.9904,2103860.442,-15.3776
300.2,271190.5662,2103858.879,-16.3924
300.3,271191.0569,2103858.387,-18.2387
300.4,271190.465,2103858.961,-20.308
300.5,271188.8742,2103860.459,-21.1586
300.6,271187.5911,2103861.821,-20.3808
300.7,271186.95,2103862.466,-18.2855
300.8,271187.4878,2103861.937,-16.3135
305.1,271184.022,2103855.506,-15.381
305.2,271185.2455,2103854.223,-15.988
305.3,271186.031,2103853.411,-18.2384
305.4,271185.4527,2103854.01,-20.3161
305.5,271184.0334,2103855.493,-21.1782
305.6,271182.6275,2103856.965,-20.3551
305.7,271182.0246,2103857.598,-18.3034
305.8,271182.5221,2103857.077,-16.3704
310.1,271178.9656,2103850.612,-15.425
310.2,271180.3563,2103849.141,-16.2616
310.3,271180.9568,2103848.518,-18.294
310.4,271180.39,2103849.145,-20.3748
310.5,271179.0226,2103850.626,-21.2117
310.6,271177.5869,2103852.118,-20.3796
310.7,271176.987,2103852.74,-18.3096
310.8,271177.5533,2103852.12,-16.2833
315.1,271173.7783,2103845.925,-15.4565
315.2,271175.181,2103844.365,-16.2865
315.3,271175.7633,2103843.724,-18.2406
315.4,271175.2817,2103844.275,-20.2919
315.5,271173.8543,2103845.863,-21.2465
315.6,271172.4772,2103847.394,-20.411
315.7,271171.9,2103848.033,-18.3794
315.8,271172.4401,2103847.42,-16.3338
320.1,271168.5458,2103841.261,-15.4579
320.2,271169.9037,2103839.683,-16.2806
320.3,271170.4874,2103839.023,-18.3229
320.4,271169.9617,2103839.658,-20.3966
320.5,271168.5979,2103841.246,-21.2552
320.6,271167.3049,2103842.763,-20.4407
320.7,271166.7236,2103843.42,-18.3924
320.8,271167.2384,2103842.799,-16.3523
325.1,271163.2528,2103836.698,-15.4967
325.2,271164.5881,2103835.116,-16.3073
325.3,271165.1672,2103834.437,-18.2645
325.4,271164.6614,2103835.051,-20.3968
325.5,271163.2972,2103836.67,-21.2871
325.6,271161.9867,2103838.224,-20.429
325.7,271161.4364,2103838.865,-18.447
325.8,271161.9561,2103838.24,-16.3648
330.1,271157.8924,2103832.178,-15.5244
330.2,271159.1952,2103830.567,-16.3468
330.3,271159.7446,2103829.899,-18.3183
330.4,271159.2573,2103830.536,-20.4513
330.5,271157.9559,2103832.143,-21.326
330.6,271156.6474,2103833.784,-20.4365
330.7,271156.1285,2103834.406,-18.4678
330.8,271156.6265,2103833.762,-16.409
335.1,271152.511,2103827.713,-15.5645
335.2,271153.7856,2103826.106,-16.3884
335.3,271154.3224,2103825.436,-18.346
335.4,271153.8231,2103826.087,-20.4901
335.5,271152.5188,2103827.714,-21.3565
335.6,271151.2449,2103829.334,-20.4967
335.7,271150.7369,2103829.974,-18.5216
335.8,271151.242,2103829.323,-16.4491
340.1,271147.0064,2103823.37,-15.609
340.2,271148.2601,2103821.721,-16.4646
340.3,271148.7719,2103821.066,-18.4874
340.4,271148.2751,2103821.747,-20.5551
340.5,271147.0473,2103823.373,-21.403
340.6,271145.8059,2103825.014,-20.5605
340.7,271145.2858,2103825.687,-18.5152
340.8,271145.7794,2103825.007,-16.4714
345.1,271141.4546,2103819.119,-15.6343
345.2,271142.673,2103817.483,-16.4876
345.3,271143.1771,2103816.814,-18.4771
345.4,271142.7141,2103817.455,-20.5304
345.5,271141.4714,2103819.139,-21.4268
345.6,271140.2194,2103820.814,-20.5491
345.7,271139.728,2103821.468,-18.5289
345.8,271140.2387,2103820.765,-16.4666
350.1,271135.8803,2103814.907,-15.6853
350.2,271137.0953,2103813.318,-16.5218
350.3,271137.6225,2103812.645,-18.5813
350.4,271137.1093,2103813.335,-20.6448
350.5,271135.9221,2103814.955,-21.4663
350.6,271134.65,2103816.596,-20.6314
350.7,271134.128,2103817.268,-18.5248
350.8,271134.6462,2103816.553,-16.505
355.1,271130.2716,2103810.734,-15.7048
355.2,271131.4755,2103809.126,-16.5505
355.3,271131.9959,2103808.441,-18.6228
355.4,271131.5197,2103809.087,-20.6111
355.5,271130.3067,2103810.768,-21.4922
355.6,271129.0363,2103812.431,-20.6366
355.7,271128.537,2103813.098,-18.6081
355.8,271129.0406,2103812.4,-16.5376
360.1,271124.5989,2103806.615,-15.7265
360.2,271125.8106,2103804.973,-16.577
360.3,271126.3261,2103804.293,-18.6148
360.4,271125.8347,2103804.985,-20.6819
360.5,271124.6873,2103806.633,-21.5189
360.6,271123.4166,2103808.299,-20.6746
360.7,271122.908,2103808.975,-18.6087
360.8,271123.3918,2103808.282,-16.5796
365.1,271118.9201,2103802.546,-15.7743
365.2,271120.1299,2103800.868,-16.6169
365.3,271120.6369,2103800.173,-18.671
365.4,271120.1533,2103800.854,-20.7133
365.5,271118.9819,2103802.513,-21.5643
365.6,271117.7456,2103804.212,-20.7028
365.7,271117.254,2103804.888,-18.6951
365.8,271117.7462,2103804.181,-16.6127
370.1,271113.2627,2103798.398,-15.8183
370.2,271114.4742,2103796.759,-16.663
370.3,271114.9898,2103796.081,-18.7079
370.4,271114.4975,2103796.775,-20.7655
370.5,271113.3085,2103798.444,-21.6045
370.6,271112.0778,2103800.087,-20.7642
370.7,271111.567,2103800.768,-18.6863
370.8,271112.063,2103800.051,-16.6502
375.1,271107.5897,2103794.312,-15.8356
375.2,271108.79,2103792.658,-16.6763
375.3,271109.2987,2103791.966,-18.6906
375.4,271108.8135,2103792.654,-20.7753
375.5,271107.6521,2103794.298,-21.6266
375.6,271106.4195,2103795.982,-20.7955
375.7,271105.9156,2103796.679,-18.7245
375.8,271106.4061,2103795.971,-16.6781
380.1,271101.8834,2103790.204,-15.867
380.2,271103.1094,2103788.546,-16.7038
380.3,271103.632,2103787.859,-18.759
380.4,271103.1544,2103788.548,-20.8068
380.5,271101.894,2103790.258,-21.6645
380.6,271100.7382,2103791.858,-20.8295
380.7,271100.2113,2103792.541,-18.7763
380.8,271100.6862,2103791.857,-16.7392
385.1,271096.2145,2103786.118,-15.8911
385.2,271097.4155,2103784.46,-16.7052
385.3,271097.9358,2103783.756,-18.6679
385.4,271097.4766,2103784.425,-20.8078
385.5,271096.2129,2103786.13,-21.6844
385.6,271095.0441,2103787.79,-20.8148
385.7,271094.5545,2103788.456,-18.8259
385.8,271095.0291,2103787.774,-16.7649
390.1,271090.531,2103782.017,-15.9017
390.2,271091.7489,2103780.366,-16.7212
390.3,271092.2824,2103779.665,-18.7466
390.4,271091.8157,2103780.338,-20.827
390.5,271090.5866,2103782.005,-21.7024
390.6,271089.3956,2103783.646,-20.8814
390.7,271088.8635,2103784.338,-18.8375
390.8,271089.3323,2103783.667,-16.7836
395.1,271084.8381,2103777.958,-15.925
395.2,271086.0454,2103776.289,-16.7196
395.3,271086.5789,2103775.567,-18.6981
395.4,271086.1239,2103776.227,-20.8335
395.5,271084.8634,2103777.991,-21.7307
395.6,271083.7146,2103779.563,-20.9001
395.7,271083.2007,2103780.264,-18.9099
395.8,271083.6672,2103779.597,-16.8185
400.1,271079.161,2103773.845,-15.9547
400.2,271080.3878,2103772.185,-16.7754
400.3,271080.9187,2103771.488,-18.7258
400.4,271080.4578,2103772.156,-20.8621
400.5,271079.2033,2103773.832,-21.7604
400.6,271078.0356,2103775.464,-20.9452
400.7,271077.4968,2103776.163,-18.8996
400.8,271077.9652,2103775.494,-16.8427
405.1,271073.4808,2103769.778,-15.9723
405.2,271074.6655,2103768.139,-16.7555
405.3,271075.2043,2103767.405,-18.6773
405.4,271074.7494,2103768.062,-20.8739
405.5,271073.5184,2103769.751,-21.7627
405.6,271072.3539,2103771.398,-20.962
405.7,271071.822,2103772.11,-18.9467
405.8,271072.2924,2103771.438,-16.86
410.1,271067.7621,2103765.765,-16.0106
410.2,271068.9552,2103764.062,-16.8144
410.3,271069.4628,2103763.335,-18.8473
410.4,271069.0052,2103764.001,-20.917
410.5,271067.7663,2103765.727,-21.803
410.6,271066.6169,2103767.398,-20.9448
410.7,271066.1433,2103768.082,-18.967
410.8,271066.6052,2103767.42,-16.895
415.1,271062.0312,2103761.743,-16.0202
415.2,271063.1948,2103760.054,-16.8171
415.3,271063.7038,2103759.316,-18.7707
415.4,271063.255,2103759.981,-20.9155
415.5,271062.05,2103761.699,-21.8126
415.6,271060.9223,2103763.358,-21.008
415.7,271060.42,2103764.093,-18.951
415.8,271060.8796,2103763.42,-16.9077
420.1,271056.2351,2103757.778,-16.0445
420.2,271057.4019,2103756.072,-16.8493
420.3,271057.9128,2103755.349,-18.8329
420.4,271057.4753,2103756.038,-20.9658
420.5,271056.2869,2103757.758,-21.8375
420.6,271055.1733,2103759.416,-21.0362
420.7,271054.661,2103760.142,-19.0063
420.8,271055.1046,2103759.466,-16.9402
425.1,271050.4655,2103753.876,-16.0701
425.2,271051.5916,2103752.168,-16.878
425.3,271052.075,2103751.424,-18.8429
425.4,271051.6334,2103752.095,-20.9893
425.5,271050.4437,2103753.819,-21.873
425.6,271049.3638,2103755.517,-21.0607
425.7,271048.8824,2103756.25,-19.0249
425.8,271049.3378,2103755.575,-16.9547
430.1,271044.6288,2103750.029,-16.0984
430.2,271045.7394,2103748.302,-16.9113
430.3,271046.213,2103747.562,-18.9578
430.4,271045.7869,2103748.237,-21.0016
430.5,271044.7004,2103750.01,-21.8928
430.6,271043.5627,2103751.71,-21.0699
430.7,271043.094,2103752.443,-19.0282
430.8,271043.5351,2103751.741,-16.9755
435.1,271038.7429,2103746.223,-16.1311
435.2,271039.8437,2103744.487,-16.9654
435.3,271040.3104,2103743.768,-18.9969
435.4,271039.8752,2103744.47,-21.057
435.5,271038.7823,2103746.225,-21.9298
435.6,271037.6899,2103747.945,-21.1026
435.7,271037.2269,2103748.67,-19.0321
435.8,271037.6558,2103747.962,-17.0043
440.1,271032.8131,2103742.517,-16.1481
440.2,271033.8915,2103740.783,-16.9518
440.3,271034.3654,2103740.031,-18.9858
440.4,271033.9286,2103740.734,-21.0608
440.5,271032.8407,2103742.548,-21.9391
440.6,271031.7715,2103744.223,-21.1253
440.7,271031.3181,2103744.963,-19.0985
440.8,271031.7451,2103744.252,-17.0154
445.1,271026.8642,2103738.899,-16.1271
445.2,271027.8953,2103737.143,-16.9245
445.3,271028.3378,2103736.358,-18.9527
445.4,271027.9002,2103737.044,-21.0368
445.5,271026.8417,2103738.825,-21.9201
445.6,271025.8158,2103740.58,-21.1084
445.7,271025.3903,2103741.348,-19.0558
445.8,271025.8166,2103740.663,-17.0165
450.1,271020.8432,2103735.351,-16.0904
450.2,271021.8828,2103733.543,-16.9162
450.3,271022.2996,2103732.772,-18.9084
450.4,271021.8849,2103733.421,-20.9615
450.5,271020.7938,2103735.281,-21.8943
450.6,271019.7992,2103737.021,-21.0543
450.7,271019.392,2103737.788,-19.0703
450.8,271019.8144,2103737.104,-16.9897
455.1,271014.7842,2103731.822,-16.0573
455.2,271015.7935,2103730.046,-16.8647
455.3,271016.2179,2103729.263,-18.9006
455.4,271015.795,2103729.966,-20.9771
455.5,271014.7986,2103731.709,-21.8509
455.6,271013.7597,2103733.533,-21.0177
455.7,271013.3474,2103734.3,-18.9766
455.8,271013.7726,2103733.587,-16.9249
460.1,271008.6669,2103728.39,-16.0093
460.2,271009.6566,2103726.584,-16.8225
460.3,271010.0746,2103725.812,-18.8392
460.4,271009.6751,2103726.527,-20.9245
460.5,271008.6984,2103728.312,-21.8002
460.6,271007.7003,2103730.112,-20.986
460.7,271007.2825,2103730.892,-18.9352
460.8,271007.6928,2103730.157,-16.8679
465.1,271002.5372,2103725.009,-15.931
465.2,271003.5179,2103723.202,-16.7656
465.3,271003.9097,2103722.434,-18.7019
465.4,271003.5064,2103723.132,-20.85
465.5,271002.4821,2103724.97,-21.733
465.6,271001.5385,2103726.726,-20.9209
465.7,271001.1369,2103727.512,-18.8566
465.8,271001.5615,2103726.785,-16.8028
470.1,270996.3763,2103721.663,-15.8684
470.2,270997.3176,2103719.862,-16.6891
470.3,270997.7154,2103719.084,-18.7259
470.4,270997.3179,2103719.822,-20.8114
470.5,270996.3682,2103721.62,-21.663
470.6,270995.4139,2103723.431,-20.8404
470.7,270995.017,2103724.211,-18.8002
470.8,270995.4178,2103723.469,-16.7282
475.1,270990.2047,2103718.409,-15.7937
475.2,270991.1323,2103716.611,-16.6112
475.3,270991.5133,2103715.823,-18.5962
475.4,270991.1044,2103716.553,-20.7408
475.5,270990.138,2103718.365,-21.5954
475.6,270989.204,2103720.184,-20.7547
475.7,270988.8272,2103720.948,-18.7193
475.8,270989.234,2103720.233,-16.6779
480.1,270983.9885,2103715.204,-15.727
480.2,270984.9208,2103713.382,-16.5559
480.3,270985.2984,2103712.604,-18.5965
480.4,270984.8869,2103713.329,-20.6722
480.5,270983.9495,2103715.108,-21.5269
480.6,270982.9952,2103716.944,-20.7046
480.7,270982.6172,2103717.733,-18.6561
480.8,270983.0785,2103716.919,-16.4899
485.1,270977.7669,2103711.996,-15.6471
485.2,270978.683,2103710.173,-16.4725
485.3,270979.0525,2103709.388,-18.4685
485.4,270978.6477,2103710.116,-20.5916
485.5,270977.6981,2103711.929,-21.4464
485.6,270976.7845,2103713.763,-20.6189
485.7,270976.416,2103714.544,-18.5406
485.8,270976.8448,2103713.778,-16.4799
490.1,270971.5614,2103708.715,-15.5881
490.2,270972.4237,2103706.98,-16.4164
490.3,270972.8004,2103706.2,-18.4699
490.4,270972.4221,2103706.927,-20.5118
490.5,270971.4675,2103708.687,-21.3843
490.6,270970.5714,2103710.597,-20.5589
490.7,270970.1914,2103711.375,-18.5102
490.8,270970.5904,2103710.626,-16.4422
495.1,270965.2535,2103705.66,-15.5151
495.2,270966.1886,2103703.823,-16.3518
495.3,270966.5731,2103703.06,-18.3113
495.4,270966.1833,2103703.8,-20.4557
495.5,270965.2581,2103705.605,-21.3186
495.6,270964.3148,2103707.443,-20.4899
495.7,270963.9277,2103708.207,-18.4351
495.8,270964.3175,2103707.473,-16.3875
500.1,270959.0123,2103702.521,-15.4279
500.2,270959.9115,2103700.706,-16.2434
500.3,270960.2851,2103699.92,-18.2529
500.4,270959.9085,2103700.65,-20.3566
500.5,270958.9593,2103702.507,-21.2274
500.6,270958.0703,2103704.304,-20.4166
500.7,270957.686,2103705.091,-18.3797
500.8,270958.0802,2103704.348,-16.2901
505.1,270952.7799,2103699.366,-15.3532
505.2,270953.6733,2103697.592,-16.133
505.3,270954.0653,2103696.763,-18.2257
505.4,270953.6612,2103697.491,-20.2949
505.5,270952.7381,2103699.282,-21.1541
505.6,270951.805,2103701.129,-20.3351
505.7,270951.4355,2103701.913,-18.2642
505.8,270951.8358,2103701.188,-16.2355
510.1,270946.5299,2103696.233,-15.2814
510.2,270947.4329,2103694.424,-16.0691
510.3,270947.8263,2103693.609,-18.0181
510.4,270947.4402,2103694.325,-20.2042
510.5,270946.4436,2103696.143,-21.0776
510.6,270945.6088,2103697.974,-20.2802
510.7,270945.2286,2103698.779,-18.2242
510.8,270945.6058,2103698.063,-16.1702
515.1,270940.2861,2103693.113,-15.2134
515.2,270941.2064,2103691.283,-15.9993
515.3,270941.5952,2103690.46,-17.9917
515.4,270941.1937,2103691.167,-20.1251
515.5,270940.2484,2103693.027,-21.0073
515.6,270939.3364,2103694.813,-20.2094
515.7,270938.9619,2103695.618,-18.1764
515.8,270939.3644,2103694.893,-16.0872
520.1,270934.0166,2103689.962,-15.1298
520.2,270934.9372,2103688.121,-15.9122
520.3,270935.3329,2103687.295,-17.9222
520.4,270934.9511,2103688.005,-20.033
520.5,270934.0023,2103689.823,-20.9258
520.6,270933.1108,2103691.67,-20.1307
520.7,270932.7305,2103692.469,-18.0652
520.8,270933.1189,2103691.733,-16.003
525.1,270927.8132,2103686.754,-15.0612
525.2,270928.7267,2103684.945,-15.8852
525.3,270929.0968,2103684.156,-17.8667
525.4,270928.6953,2103684.869,-19.989
525.5,270927.7805,2103686.631,-20.8613
525.6,270926.8416,2103688.496,-20.0614
525.7,270926.4665,2103689.309,-17.9525
525.8,270926.8681,2103688.583,-15.9365
530.1,270921.5506,2103683.588,-14.9759
530.2,270922.4525,2103681.782,-15.7859
530.3,270922.8395,2103680.983,-17.7722
530.4,270922.4535,2103681.698,-19.8921
530.5,270921.5057,2103683.558,-20.7756
530.6,270920.6143,2103685.362,-19.9672
530.7,270920.2352,2103686.155,-17.9085
530.8,270920.6214,2103685.419,-15.8447
535.1,270915.2897,2103680.442,-14.8923
535.2,270916.1861,2103678.664,-15.6656
535.3,270916.5812,2103677.835,-17.6943
535.4,270916.1905,2103678.541,-19.8127
535.5,270915.3126,2103680.343,-20.6847
535.6,270914.326,2103682.198,-19.8687
535.7,270913.95,2103682.989,-17.8055
535.8,270914.3498,2103682.256,-15.7656
540.1,270909.0318,2103677.276,-14.8116
540.2,270909.934,2103675.456,-15.6236
540.3,270910.3179,2103674.67,-17.5896
540.4,270909.9345,2103675.403,-19.747
540.5,270909.0306,2103677.25,-20.6059
540.6,270908.1094,2103679.043,-19.7994
540.7,270907.7155,2103679.843,-17.7224
540.8,270908.1048,2103679.099,-15.6632
545.1,270902.8069,2103674.114,-14.7477
545.2,270903.6953,2103672.35,-15.5246
545.3,270904.087,2103671.523,-17.6004
545.4,270903.6817,2103672.26,-19.6991
545.5,270902.7787,2103674.074,-20.5428
545.6,270901.8242,2103675.907,-19.7092
545.7,270901.4556,2103676.679,-17.6882
545.8,270901.8608,2103675.939,-15.6064
550.1,270896.5699,2103670.901,-14.6727
550.2,270897.4431,2103669.143,-15.4937
550.3,270897.8226,2103668.363,-17.4998
550.4,270897.4358,2103669.106,-19.6168
550.5,270896.4643,2103670.899,-20.4672
550.6,270895.6054,2103672.754,-19.6411
550.7,270895.2192,2103673.537,-17.5937
550.8,270895.61,2103672.788,-15.5315
555.1,270890.3103,2103667.805,-14.5919
555.2,270891.2245,2103665.992,-15.4341
555.3,270891.5914,2103665.217,-17.4569
555.4,270891.1894,2103665.947,-19.5479
555.5,270890.2182,2103667.776,-20.3974
555.6,270889.3317,2103669.592,-19.5634
555.7,270888.9654,2103670.359,-17.3513
555.8,270889.3643,2103669.625,-15.4575
560.1,270884.0357,2103664.671,-14.5307
560.2,270884.9462,2103662.834,-15.355
560.3,270885.3236,2103662.054,-17.4346
560.4,270884.9422,2103662.798,-19.465
560.5,270883.9832,2103664.639,-20.3229
560.6,270883.1138,2103666.438,-19.5095
560.7,270882.7253,2103667.222,-17.4356
560.8,270883.1194,2103666.474,-15.3805
565.1,270877.8205,2103661.487,-14.4502
565.2,270878.7216,2103659.703,-15.2645
565.3,270879.0982,2103658.906,-17.2666
565.4,270878.6921,2103659.649,-19.4037
565.5,270877.7618,2103661.491,-20.248
565.6,270876.8315,2103663.295,-19.4059
565.7,270876.4621,2103664.063,-17.3733
565.8,270876.8627,2103663.332,-15.3123
570.1,270871.5518,2103658.335,-14.3774
570.2,270872.4555,2103656.525,-15.1987
570.3,270872.8369,2103655.736,-17.2446
570.4,270872.4572,2103656.471,-19.3123
570.5,270871.5785,2103658.311,-20.1756
570.6,270870.6291,2103660.108,-19.3699
570.7,270870.2358,2103660.907,-17.2939
570.8,270870.6227,2103660.165,-15.2345
575.1,270865.3254,2103655.178,-14.2992
575.2,270866.2312,2103653.376,-15.116
575.3,270866.6077,2103652.584,-17.1569
575.4,270866.2028,2103653.333,-19.2671
575.5,270865.2893,2103655.151,-20.0946
575.6,270864.3416,2103656.982,-19.2416
575.7,270863.9771,2103657.736,-17.1101
575.8,270864.3818,2103656.998,-15.1555
580.1,270859.0907,2103652.01,-14.2284
580.2,270859.9855,2103650.221,-15.0556
580.3,270860.3594,2103649.445,-17.1702
580.4,270859.9821,2103650.17,-19.1629
580.5,270859.0152,2103652.049,-20.0235
580.6,270858.1343,2103653.842,-19.1866
580.7,270857.7642,2103654.602,-17.1418
580.8,270858.1518,2103653.857,-15.0858
585.1,270852.851,2103648.869,-14.1463
585.2,270853.7454,2103647.107,-14.9463
585.3,270854.1346,2103646.294,-17.0259
585.4,270853.731,2103647.022,-19.0894
585.5,270852.7828,2103648.835,-19.947
585.6,270851.852,2103650.697,-19.0837
585.7,270851.4979,2103651.449,-17.0861
585.8,270851.8963,2103650.719,-15.0158
590.1,270846.6044,2103645.735,-14.0808
590.2,270847.5072,2103643.909,-14.9179
590.3,270847.8672,2103643.132,-16.9549
590.4,270847.4691,2103643.849,-19.002
590.5,270846.4841,2103645.745,-19.8807
590.6,270845.6367,2103647.508,-19.0625
590.7,270845.269,2103648.304,-17.0354
590.8,270845.6626,2103647.585,-14.9595
595.1,270840.342,2103642.594,-13.9953
595.2,270841.2411,2103640.815,-14.7765
595.3,270841.6393,2103639.99,-16.8077
595.4,270841.2381,2103640.71,-18.9197
595.5,270840.2775,2103642.554,-19.7913
595.6,270839.3696,2103644.359,-18.9629
595.7,270839.0003,2103645.148,-16.9143
595.8,270839.3978,2103644.41,-14.8602
600.1,270834.0285,2103639.532,-13.9222
600.2,270834.9927,2103637.579,-14.7484
600.3,270835.3543,2103636.798,-16.7094
600.4,270834.9682,2103637.519,-18.8308
600.5,270833.8741,2103639.253,-19.715
600.6,270833.1322,2103641.183,-18.8959
600.7,270832.7578,2103641.974,-16.8817
600.8,270833.1533,2103641.258,-14.8029
605.1,270827.8331,2103636.249,-13.8418
605.2,270828.7551,2103634.433,-14.6563
605.3,270829.1332,2103633.635,-16.7136
605.4,270828.7383,2103634.378,-18.7882
605.5,270827.8227,2103636.273,-19.6442
605.6,270826.8708,2103638.031,-18.8035
605.7,270826.4964,2103638.796,-16.782
605.8,270826.9109,2103638.04,-14.6906
610.1,270821.6463,2103632.992,-13.7551
610.2,270822.5438,2103631.252,-14.5639
610.3,270822.9291,2103630.451,-16.6158
610.4,270822.5214,2103631.179,-18.6915
610.5,270821.5358,2103633.012,-19.5527
610.6,270820.6257,2103634.826,-18.7048
610.7,270820.2541,2103635.589,-16.7047
610.8,270820.6529,2103634.877,-14.6426
616.1,270814.1876,2103629.176,-13.6586
616.2,270815.1178,2103627.362,-14.4713
616.3,270815.4876,2103626.566,-16.4891
616.4,270815.0832,2103627.275,-18.5726
616.5,270814.1036,2103629.092,-19.4533
616.6,270813.1601,2103630.95,-18.5924
616.7,270812.8006,2103631.702,-16.5783
616.8,270813.2218,2103630.984,-14.5355
620.1,270809.2526,2103626.542,-13.5974
620.2,270810.1899,2103624.749,-14.412
620.3,270810.5673,2103623.95,-16.3896
620.4,270810.1546,2103624.65,-18.5091
620.5,270809.1876,2103626.47,-19.3819
620.6,270808.2234,2103628.251,-18.5907
620.7,270807.8339,2103629.058,-16.5415
620.8,270808.2748,2103628.324,-14.4407
625.1,270803.1031,2103623.172,-13.4984
625.2,270804.0636,2103621.411,-14.3278
625.3,270804.4562,2103620.635,-16.2874
625.4,270804.0265,2103621.349,-18.4387
625.5,270803.0521,2103623.125,-19.291
625.6,270802.0502,2103624.91,-18.4788
625.7,270801.6428,2103625.695,-16.4483
625.8,270802.0637,2103625.007,-14.3895
630.1,270796.9588,2103619.793,-13.4098
630.2,270797.9459,2103618.03,-14.2464
630.3,270798.3498,2103617.267,-16.2619
630.4,270797.9317,2103617.958,-18.3336
630.5,270796.925,2103619.76,-19.2123
630.6,270795.9224,2103621.512,-18.406
630.7,270795.5007,2103622.296,-16.3482
630.8,270795.9556,2103621.544,-14.2287
635.1,270790.8522,2103616.384,-13.3417
635.2,270791.8546,2103614.588,-14.1532
635.3,270792.2661,2103613.802,-16.1266
635.4,270791.8503,2103614.481,-18.2429
635.5,270790.8216,2103616.29,-19.1461
635.6,270789.8316,2103618.051,-18.3384
635.7,270789.4198,2103618.828,-16.2477
635.8,270789.8365,2103618.152,-14.2307
640.1,270784.8186,2103612.904,-13.2523
640.2,270785.8622,2103611.108,-14.0609
640.3,270786.2651,2103610.317,-16.1756
640.4,270785.8139,2103610.985,-18.1747
640.5,270784.7447,2103612.779,-19.0369
640.6,270783.7237,2103614.491,-18.2477
640.7,270783.3065,2103615.289,-16.2108
640.8,270783.7906,2103614.586,-14.0979
645.1,270778.7794,2103609.237,-13.1756
645.2,270779.8501,2103607.513,-13.9628
645.3,270780.3167,2103606.742,-15.9976
645.4,270779.8834,2103607.426,-18.0939
645.5,270778.8061,2103609.153,-18.9702
645.6,270777.7211,2103610.907,-18.1619
645.7,270777.259,2103611.655,-16.1021
645.8,270777.691,2103610.979,-14.0774
650.1,270772.8227,2103605.608,-13.119
650.2,270773.9187,2103603.834,-13.925
650.3,270774.3661,2103603.073,-15.9402
650.4,270773.9231,2103603.737,-18.0148
650.5,270772.7878,2103605.497,-18.912
650.6,270771.7581,2103607.199,-18.1314
650.7,270771.293,2103607.978,-16.0753
650.8,270771.7411,2103607.312,-14.0204
655.1,270766.9331,2103601.845,-13.0409
655.2,270768.0343,2103600.138,-13.8405
655.3,270768.5089,2103599.375,-15.8733
655.4,270768.0524,2103600.044,-17.9699
655.5,270766.8993,2103601.824,-18.8413
655.6,270765.8302,2103603.471,-18.0395
655.7,270765.3641,2103604.226,-16.0247
655.8,270765.8119,2103603.56,-13.9413
660.1,270761.0641,2103598.071,-12.9636
660.2,270762.1946,2103596.313,-13.7777
660.3,270762.6503,2103595.563,-15.8775
660.4,270762.1749,2103596.222,-17.8788
660.5,270761.0119,2103597.961,-18.7662
660.6,270759.9449,2103599.644,-17.9659
660.7,270759.4887,2103600.405,-15.9011
660.8,270759.9614,2103599.738,-13.8486
665.1,270755.2712,2103594.117,-12.8914
665.2,270756.3779,2103592.462,-13.7131
665.3,270756.8539,2103591.717,-15.808
665.4,270756.373,2103592.385,-17.8374
665.5,270755.2082,2103594.092,-18.7045
665.6,270754.0922,2103595.757,-17.8875
665.7,270753.619,2103596.505,-15.9073
665.8,270754.0994,2103595.839,-13.7736
670.1,270749.475,2103590.205,-12.8215
670.2,270750.6377,2103588.528,-13.6554
670.3,270751.1187,2103587.8,-15.6799
670.4,270750.628,2103588.445,-17.7345
670.5,270749.4214,2103590.171,-18.6214
670.6,270748.2712,2103591.802,-17.8099
670.7,270747.7962,2103592.538,-15.733
670.8,270748.2984,2103591.863,-13.6872
675.1,270743.7429,2103586.194,-12.7347
675.2,270744.9216,2103584.536,-13.5539
675.3,270745.4128,2103583.806,-15.6006
675.4,270744.9037,2103584.457,-17.6502
675.5,270743.7024,2103586.139,-18.5311
675.6,270742.5017,2103587.793,-17.6884
675.7,270742.0327,2103588.509,-15.6568
675.8,270742.5426,2103587.842,-13.59
680.1,270738.0024,2103582.129,-12.6638
680.2,270739.2382,2103580.424,-13.5256
680.3,270739.7145,2103579.739,-15.4589
680.4,270739.2488,2103580.35,-17.541
680.5,270737.96,2103582.075,-18.4641
680.6,270736.7874,2103583.722,-17.6208
680.7,270736.2999,2103584.413,-15.5814
680.8,270736.8121,2103583.748,-13.5324
685.1,270732.4028,2103577.943,-12.5948
685.2,270733.614,2103576.299,-13.4293
685.3,270734.1089,2103575.591,-15.3226
685.4,270733.6049,2103576.23,-17.5197
685.5,270732.342,2103577.886,-18.3967
685.6,270731.1294,2103579.564,-17.5188
685.7,270730.6536,2103580.236,-15.5211
685.8,270731.1814,2103579.57,-13.4451
690.1,270726.7672,2103573.77,-12.5111
690.2,270728.016,2103572.109,-13.3447
690.3,270728.5194,2103571.414,-15.3075
690.4,270727.9967,2103572.077,-17.4638
690.5,270726.7366,2103573.717,-18.3123
690.6,270725.5402,2103575.337,-17.4773
690.7,270725.0317,2103576.034,-15.4335
690.8,270725.5465,2103575.379,-13.383
695.1,270721.2241,2103569.515,-12.4393
695.2,270722.5026,2103567.888,-13.2759
695.3,270723.0211,2103567.195,-15.3299
695.4,270722.5149,2103567.797,-17.3279
695.5,270721.1726,2103569.447,-18.235
695.6,270719.9294,2103571.056,-17.3882
695.7,270719.4197,2103571.732,-15.3759
695.8,270719.9606,2103571.092,-13.3067
700.1,270715.728,2103565.161,-12.3645
700.2,270717.0258,2103563.539,-13.2175
700.3,270717.544,2103562.87,-15.2229
700.4,270717.0885,2103563.412,-17.1695
700.5,270715.712,2103565.084,-18.1642
700.6,270714.4416,2103566.699,-17.3293
700.7,270713.9055,2103567.382,-15.2816
700.8,270714.4486,2103566.739,-13.2286
705.1,270710.2909,2103560.765,-12.2826
705.2,270711.5836,2103559.171,-13.1088
705.3,270712.1186,2103558.478,-15.176
705.4,270711.6138,2103559.065,-17.169
705.5,270710.2873,2103560.647,-18.0887
705.6,270709.0261,2103562.226,-17.323
705.7,270708.4533,2103562.959,-15.226
705.8,270709.003,2103562.322,-13.151
710.1,270704.8807,2103556.31,-12.2138
710.2,270706.2116,2103554.754,-13.0153
710.3,270706.7833,2103554.062,-14.9709
710.4,270706.4433,2103554.437,-16.7742
710.5,270704.8937,2103556.24,-18.0178
710.6,270703.6532,2103557.681,-17.3048
710.7,270703.0111,2103558.448,-15.1635
710.8,270703.555,2103557.843,-13.1055
715.1,270699.5353,2103551.812,-12.1549
715.2,270700.8953,2103550.233,-12.9526
715.3,270701.4665,2103549.539,-14.9723
715.4,270700.9642,2103550.083,-16.9908
715.5,270699.5721,2103551.659,-17.949
715.6,270698.1756,2103553.284,-17.054
715.7,270697.6559,2103553.905,-15.1233
715.8,270698.1975,2103553.321,-13.0558
720.1,270694.223,2103547.231,-12.0696
720.2,270695.5932,2103545.674,-12.8625
720.3,270696.1817,2103544.985,-14.864
720.4,270695.6769,2103545.532,-16.924
720.5,270694.1709,2103547.081,-17.8732
720.6,270692.9223,2103548.644,-17.0632
720.7,270692.3435,2103549.316,-15.0353
720.8,270692.8812,2103548.737,-12.981
725.1,270689.002,2103542.578,-12.0013
725.2,270690.3828,2103541.032,-12.8011
725.3,270690.9655,2103540.347,-14.8498
725.4,270690.4424,2103540.899,-16.8825
725.5,270689.0103,2103542.464,-17.7967
725.6,270687.6678,2103543.987,-16.9814
725.7,270687.0972,2103544.65,-14.9836
725.8,270687.6547,2103544.066,-12.8949
730.1,270683.8525,2103537.87,-11.9283
730.2,270685.2465,2103536.335,-12.7402
730.3,270685.8294,2103535.67,-14.716
730.4,270685.2657,2103536.251,-16.8465
730.5,270683.8707,2103537.766,-17.7216
730.6,270682.4927,2103539.285,-16.8963
730.7,270681.9249,2103539.937,-14.8552
730.8,270682.4811,2103539.353,-12.8157
735.1,270678.7196,2103533.121,-11.8525
735.2,270680.1538,2103531.565,-12.6793
735.3,270680.7283,2103530.91,-14.7333
735.4,270680.1582,2103531.481,-16.7723
735.5,270678.7608,2103532.98,-17.6502
735.6,270677.3337,2103534.518,-16.7943
735.7,270676.788,2103535.152,-14.7805
735.8,270677.357,2103534.573,-12.7375
740.1,270673.7064,2103528.221,-11.7693
740.2,270675.1058,2103526.779,-12.5807
740.3,270675.7123,2103526.13,-14.6254
740.4,270675.1254,2103526.696,-16.6922
740.5,270673.6641,2103528.183,-17.5675
740.6,270672.2522,2103529.643,-16.7329
740.7,270671.6683,2103530.277,-14.7127
740.8,270672.2613,2103529.694,-12.6336
745.1,270668.6868,2103523.361,-11.6847
745.2,270670.1283,2103521.892,-12.5141
745.3,270670.7156,2103521.26,-14.5703
745.4,270670.1185,2103521.823,-16.6159
745.5,270668.656,2103523.284,-17.4873
745.6,270667.2028,2103524.765,-16.6129
745.7,270666.6433,2103525.376,-14.6123
745.8,270667.2427,2103524.805,-12.5585
750.1,270663.7582,2103518.378,-11.6104
750.2,270665.2013,2103516.933,-12.4657
750.3,270665.7853,2103516.326,-14.4689
750.4,270665.1629,2103516.91,-16.5686
750.5,270663.6827,2103518.387,-17.4112
750.6,270662.2511,2103519.806,-16.5471
750.7,270661.6811,2103520.41,-14.5084
750.8,270662.293,2103519.825,-12.4656
755.1,270658.8791,2103513.349,-11.5267
755.2,270660.3133,2103511.921,-12.381
755.3,270660.8945,2103511.318,-14.4298
755.4,270660.3541,2103511.822,-16.357
755.5,270658.7928,2103513.327,-17.3281
755.6,270657.2177,2103514.893,-16.2793
755.7,270656.7486,2103515.374,-14.4081
755.8,270657.3881,2103514.784,-12.3674
760.1,270654.0024,2103508.308,-11.442
760.2,270655.4915,2103506.905,-12.2953
760.3,270656.0994,2103506.317,-14.2912
760.4,270655.592,2103506.77,-16.218
760.5,270653.9626,2103508.282,-17.2453
760.6,270652.4719,2103509.678,-16.3981
760.7,270651.8627,2103510.264,-14.3418
760.8,270652.5032,2103509.693,-12.2884
765.1,270649.2698,2103503.169,-11.3666
765.2,270650.7362,2103501.798,-12.2168
765.3,270651.3389,2103501.211,-14.212
765.4,270650.7282,2103501.742,-16.2863
765.5,270649.1872,2103503.235,-17.1652
765.6,270647.6898,2103504.535,-16.3242
765.7,270647.0782,2103505.129,-14.2905
765.8,270647.7338,2103504.561,-12.2038
770.1,270644.4971,2103498.032,-11.2901
770.2,270646.0039,2103496.667,-12.1181
770.3,270646.6313,2103496.069,-14.1274
770.4,270645.9956,2103496.614,-16.236
770.5,270644.5026,2103497.957,-17.0937
770.6,270643.018,2103499.314,-16.3349
770.7,270642.3358,2103499.948,-14.2067
770.8,270643.0478,2103499.329,-12.0593
775.1,270639.9139,2103492.759,-11.2172
775.2,270641.3887,2103491.467,-12.0478
775.3,270642.0246,2103490.886,-14.1025
775.4,270641.3883,2103491.402,-16.1467
775.5,270639.7755,2103492.687,-17.0135
775.6,270638.4283,2103493.953,-16.3612
775.7,270637.6423,2103494.662,-14.1514
775.8,270638.2857,2103494.141,-12.0836
780.1,270635.2512,2103487.521,-11.1418
780.2,270636.7942,2103486.198,-11.9702
780.3,270637.4499,2103485.622,-13.9504
780.4,270636.7994,2103486.148,-16.0959
780.5,270635.2539,2103487.383,-16.938
780.6,270633.6793,2103488.795,-16.1161
780.7,270633.0303,2103489.364,-14.074
780.8,270633.7179,2103488.809,-11.9664
785.1,270630.7414,2103482.181,-11.0688
785.2,270632.278,2103480.882,-11.8859
785.3,270632.9382,2103480.297,-13.8789
785.4,270632.5684,2103480.58,-15.5585
785.5,270630.7067,2103482.112,-16.8709
785.6,270629.1498,2103483.431,-16.0465
785.7,270628.4905,2103484.012,-14.0287
785.8,270629.1429,2103483.499,-11.9496
790.1,270626.2627,2103476.787,-10.9877
790.2,270627.8251,2103475.49,-11.8187
790.3,270628.4871,2103474.925,-13.7825
790.4,270628.0126,2103475.295,-15.6848
790.5,270626.2176,2103476.77,-16.7939
790.6,270624.679,2103478.036,-15.9618
790.7,270624.0168,2103478.597,-13.9412
790.8,270624.659,2103478.094,-11.8736
795.1,270621.8024,2103471.435,-10.9248
795.2,270623.4425,2103470.097,-11.7404
795.3,270624.1081,2103469.525,-13.7847
795.4,270623.6807,2103469.842,-15.4949
795.5,270621.8063,2103471.324,-16.7174
795.6,270620.2712,2103472.587,-15.9027
795.7,270619.6065,2103473.165,-13.8524
795.8,270620.2611,2103472.666,-11.8006
800.1,270617.5001,2103465.902,-10.8431
800.2,270619.1085,2103464.614,-11.6673
800.3,270619.7805,2103464.059,-13.7039
800.4,270619.3431,2103464.382,-15.4371
800.5,270617.4858,2103465.846,-16.6413
800.6,270615.9203,2103467.094,-15.8238
800.7,270615.2446,2103467.664,-13.7598
800.8,270615.9131,2103467.149,-11.696
805.1,270613.2192,2103460.343,-10.7816
805.2,270614.8238,2103459.111,-11.5912
805.3,270615.5209,2103458.558,-13.6228
805.4,270614.8488,2103459.04,-15.71
805.5,270613.1999,2103460.266,-16.5816
805.6,270611.5823,2103461.509,-15.7489
805.7,270610.9012,2103462.05,-13.7291
805.8,270611.5702,2103461.572,-11.6567
810.1,270609.0014,2103454.742,-10.6941
810.2,270610.6399,2103453.515,-11.5242
810.3,270611.3201,2103452.99,-13.4935
810.4,270610.643,2103453.47,-15.6302
810.5,270608.9964,2103454.698,-16.4927
810.6,270607.3615,2103455.912,-15.6669
810.7,270606.6726,2103456.444,-13.6387
810.8,270607.3921,2103455.931,-11.5144
815.1,270604.8559,2103449.119,-10.6211
815.2,270606.4858,2103447.91,-11.4247
815.3,270607.1871,2103447.369,-13.4656
815.4,270606.5136,2103447.834,-15.5376
815.5,270604.8426,2103449.048,-16.4155
815.6,270603.2215,2103450.241,-15.6146
815.7,270602.5108,2103450.781,-13.5824
815.8,270603.1788,2103450.33,-11.5112
820.1,270600.7275,2103443.45,-10.5577
820.2,270602.3995,2103442.277,-11.3342
820.3,270603.1453,2103441.735,-13.349
820.4,270602.4579,2103442.194,-15.4902
820.5,270600.7822,2103443.353,-16.3534
820.6,270599.1061,2103444.527,-15.5351
820.7,270598.3925,2103445.042,-13.5012
820.8,270599.0761,2103444.587,-11.4319
825.1,270596.7909,2103437.676,-10.4894
825.2,270598.4209,2103436.544,-11.2918
825.3,270599.1446,2103436.02,-13.3213
825.4,270598.4683,2103436.456,-15.4037
825.5,270596.7165,2103437.636,-16.2894
825.6,270595.0867,2103438.77,-15.4777
825.7,270594.3656,2103439.285,-13.4687
825.8,270595.0603,2103438.84,-11.3662
830.1,270592.81,2103431.901,-10.4251
830.2,270594.5033,2103430.756,-11.2476
830.3,270595.214,2103430.257,-13.2223
830.4,270594.5354,2103430.698,-15.3348
830.5,270592.8088,2103431.857,-16.219
830.6,270591.1376,2103432.98,-15.408
830.7,270590.4026,2103433.487,-13.3613
830.8,270591.1081,2103433.041,-11.2863
835.1,270588.9432,2103426.085,-10.3399
835.2,270590.6316,2103424.948,-11.1416
835.3,270591.3613,2103424.44,-13.2004
835.4,270590.6647,2103424.875,-15.2562
835.5,270588.9319,2103426.017,-16.1352
835.6,270587.2655,2103427.124,-15.3325
835.7,270586.5269,2103427.635,-13.3159
835.8,270587.2289,2103427.2,-11.2119
840.1,270585.0959,2103420.223,-10.2594
840.2,270586.7942,2103419.146,-11.0181
840.3,270587.5865,2103418.631,-13.0825
840.4,270586.8897,2103419.05,-15.1731
840.5,270585.1452,2103420.139,-16.0571
840.6,270583.4207,2103421.227,-15.2493
840.7,270582.8445,2103421.612,-12.1167
840.8,270583.3717,2103421.295,-11.1475
845.1,270581.4219,2103414.271,-10.193
845.2,270583.1176,2103413.21,-11.0105
845.3,270583.8503,2103412.734,-13.0074
845.4,270583.15,2103413.144,-15.1107
845.5,270581.3618,2103414.224,-15.9916
845.6,270579.6662,2103415.291,-15.1802
845.7,270578.924,2103415.774,-13.0586
845.8,270579.626,2103415.374,-11.0793
850.1,270577.7367,2103408.379,-10.1103
850.2,270579.4867,2103407.287,-10.9512
850.3,270580.191,2103406.81,-12.8832
850.4,270579.473,2103407.199,-15.0302
850.5,270577.6981,2103408.256,-15.9035
850.6,270575.9809,2103409.336,-15.0774
850.7,270575.2506,2103409.832,-13.0218
850.8,270575.957,2103409.452,-11.0039
855.1,270574.083,2103402.395,-10.0238
855.2,270575.8513,2103401.335,-10.8452
855.3,270576.599,2103400.86,-12.8955
855.4,270575.8823,2103401.243,-14.9563
855.5,270574.0883,2103402.26,-15.8264
855.6,270572.3455,2103403.329,-14.9831
855.7,270571.6082,2103403.803,-12.9729
855.8,270572.3206,2103403.423,-10.9108
860.1,270570.4799,2103396.385,-9.9539
860.2,270572.2741,2103395.316,-10.7553
860.3,270573.0341,2103394.842,-12.7573
860.4,270572.3102,2103395.23,-14.8865
860.5,270570.552,2103396.273,-15.7525
860.6,270568.7977,2103397.297,-14.9397
860.7,270568.0414,2103397.78,-12.9085
860.8,270568.7642,2103397.386,-10.8212
865.1,270567.0102,2103390.29,-9.8922
865.2,270568.7537,2103389.264,-10.7071
865.3,270569.5047,2103388.797,-12.6615
865.4,270568.7823,2103389.175,-14.8169
865.5,270566.9414,2103390.227,-15.6836
865.6,270565.2363,2103391.23,-14.8668
865.7,270564.4933,2103391.692,-12.8426
865.8,270565.2289,2103391.306,-10.7666
870.1,270563.4817,2103384.233,-9.8161
870.2,270565.2572,2103383.212,-10.6301
870.3,270566.0093,2103382.756,-12.6279
870.4,270565.2783,2103383.144,-14.7471
870.5,270563.4355,2103384.209,-15.6058
870.6,270561.729,2103385.162,-14.7916
870.7,270560.9768,2103385.616,-12.6729
870.8,270561.708,2103385.23,-10.6864
875.1,270560.0272,2103378.119,-9.7612
875.2,270561.7516,2103377.12,-10.576
875.3,270562.5122,2103376.669,-12.546
875.4,270561.7983,2103377.066,-14.681
875.5,270560.0299,2103378.1,-15.5566
875.6,270558.2579,2103379.114,-14.7418
875.7,270557.4916,2103379.558,-12.729
875.8,270558.2066,2103379.166,-10.6409
880.1,270556.5023,2103372.063,-9.6794
880.2,270558.2819,2103371.052,-10.4839
880.3,270559.0553,2103370.61,-12.5345
880.4,270558.3403,2103371.01,-14.6056
880.5,270556.578,2103372.009,-15.4851
880.6,270554.7837,2103373.022,-14.6645
880.7,270554.017,2103373.463,-12.6217
880.8,270554.7326,2103373.063,-10.5577
885.1,270553.0112,2103366.007,-9.5954
885.2,270554.8354,2103364.987,-10.3952
885.3,270555.6123,2103364.545,-12.3729
885.4,270554.894,2103364.927,-14.5151
885.5,270553.1137,2103365.921,-15.3965
885.6,270551.3271,2103366.908,-14.5868
885.7,270550.5488,2103367.353,-12.5684
885.8,270551.2674,2103366.969,-10.4755
890.1,270549.6043,2103359.881,-9.5211
890.2,270551.2817,2103358.929,-10.2426
890.3,270552.1365,2103358.438,-12.3172
890.4,270551.4142,2103358.84,-14.4577
890.5,270549.6469,2103359.859,-15.3233
890.6,270547.8618,2103360.851,-14.5029
890.7,270547.1,2103361.287,-12.4611
890.8,270547.8094,2103360.896,-10.4005
895.1,270546.1339,2103353.814,-9.4529
895.2,270547.8816,2103352.796,-10.2548
895.3,270548.6523,2103352.336,-12.311
895.4,270547.9468,2103352.733,-14.3769
895.5,270546.1688,2103353.776,-15.2552
895.6,270544.4183,2103354.77,-14.4565
895.7,270543.6424,2103355.229,-12.4212
895.8,270544.3543,2103354.833,-10.3305
897.1,270544.7713,2103351.367,-9.4277
897.2,270546.5127,2103350.355,-10.2404
897.3,270547.2757,2103349.899,-12.3168
897.4,270546.5508,2103350.306,-14.368
897.5,270544.7216,2103351.365,-15.2339
897.6,270543.0204,2103352.341,-14.4188
897.7,270542.2608,2103352.792,-12.3558
897.8,270543.0106,2103352.375,-10.2655
898.1,270544.0544,2103350.153,-9.4148
898.2,270545.8507,2103349.133,-10.2551
898.3,270546.5916,2103348.708,-12.2797
898.4,270545.8691,2103349.11,-14.3579
898.5,270544.0869,2103350.129,-15.2224
898.6,270542.299,2103351.131,-14.3808
898.7,270541.5588,2103351.554,-12.3355
898.8,270542.2771,2103351.155,-10.288
899.1,270543.34,2103348.959,-9.4032
899.2,270545.1778,2103347.89,-10.2768
899.3,270545.8863,2103347.469,-12.2838
899.4,270545.1682,2103347.871,-14.3446
899.5,270543.391,2103348.922,-15.2105
899.6,270541.6137,2103349.921,-14.3733
899.7,270540.8742,2103350.357,-12.3304
899.8,270541.5983,2103349.958,-10.274
900.1,270542.6939,2103347.704,-9.3866
900.2,270544.4606,2103346.703,-10.2313
900.3,270545.199,2103346.277,-12.1943
900.4,270544.4789,2103346.68,-14.3358
900.5,270542.6785,2103347.693,-15.201
900.6,270540.912,2103348.698,-14.3632
900.7,270540.1648,2103349.121,-12.3096
900.8,270540.9103,2103348.709,-10.2333
901.1,270542.0384,2103346.48,-9.382
901.2,270543.7716,2103345.51,-10.203
901.3,270544.5278,2103345.075,-12.2744
901.4,270543.7914,2103345.471,-14.3268
901.5,270542.0053,2103346.462,-15.1816
901.6,270540.2062,2103347.46,-14.3362
901.7,270539.4676,2103347.882,-12.3074
901.8,270540.1962,2103347.494,-10.2482
902.1,270541.2976,2103345.278,-9.3726
902.2,270543.0791,2103344.268,-10.2069
902.3,270543.8278,2103343.838,-12.2519
902.4,270543.1039,2103344.24,-14.319
902.5,270541.3033,2103345.286,-15.1764
902.6,270539.5373,2103346.257,-14.3336
902.7,270538.7957,2103346.682,-12.2901
902.8,270539.5799,2103346.245,-10.1678
903.1,270540.7638,2103343.986,-9.3735
903.2,270542.3916,2103343.077,-10.1837
903.3,270543.1473,2103342.639,-12.2468
903.4,270542.4439,2103343.016,-14.2805
903.5,270540.6239,2103344.04,-15.1654
903.6,270538.816,2103345.029,-14.31
903.7,270538.0937,2103345.446,-12.3123
903.8,270538.8269,2103345.054,-10.2281
904.1,270539.9085,2103342.873,-9.3634
904.2,270541.6992,2103341.856,-10.1785
904.3,270542.4629,2103341.422,-12.1936
904.4,270541.7423,2103341.816,-14.296
904.5,270539.9414,2103342.837,-15.1629
904.6,270538.1831,2103343.83,-14.3338
904.7,270537.4242,2103344.269,-12.2998
904.8,270538.1863,2103343.845,-10.1905
905.1,270539.1451,2103341.708,-9.3598
905.2,270541.0058,2103340.667,-10.1601
905.3,270541.7821,2103340.223,-12.2346
905.4,270541.0575,2103340.603,-14.2853
905.5,270539.2386,2103341.576,-15.1543
905.6,270537.4727,2103342.597,-14.3255
905.7,270536.7201,2103343.033,-12.2888
905.8,270537.4562,2103342.644,-10.2217
906.1,270538.5031,2103340.454,-9.3503
906.2,270540.3261,2103339.417,-10.1705
906.3,270541.0811,2103338.982,-12.1703
906.4,270540.3707,2103339.371,-14.2683
906.5,270538.5496,2103340.388,-15.1515
906.6,270536.8074,2103341.393,-14.3273
906.7,270536.0385,2103341.837,-12.319
906.8,270536.7185,2103341.461,-10.2719
907.1,270537.8101,2103339.245,-9.3537
907.2,270539.6148,2103338.234,-10.1348
907.3,270540.3989,2103337.782,-12.1976
907.4,270539.6716,2103338.166,-14.273
907.5,270537.8296,2103339.186,-15.1489
907.6,270536.0955,2103340.158,-14.3237
907.7,270535.3255,2103340.604,-12.3183
907.8,270536.0443,2103340.221,-10.2352
908.1,270537.1156,2103338.014,-9.3482
908.2,270539.0263,2103336.926,-10.2626
908.3,270539.6992,2103336.539,-12.1841
908.4,270538.9935,2103336.931,-14.2472
908.5,270537.1518,2103337.958,-15.1394
908.6,270535.4324,2103338.95,-14.3389
908.7,270534.6413,2103339.41,-12.2861
908.8,270535.3492,2103339.015,-10.2439
909.1,270536.4549,2103336.788,-9.3445
909.2,270538.2181,2103335.762,-10.1414
909.3,270538.9889,2103335.306,-12.0899
909.4,270538.2801,2103335.699,-14.2444
909.5,270536.4745,2103336.727,-15.1354
909.6,270534.7546,2103337.733,-14.3506
909.7,270533.9606,2103338.21,-12.3045
909.8,270534.6763,2103337.81,-10.2213
910.1,270535.7401,2103335.571,-9.3397
910.2,270537.5218,2103334.557,-10.1337
910.3,270538.307,2103334.106,-12.1443
910.4,270537.5946,2103334.501,-14.2471
910.5,270535.7438,2103335.54,-15.1359
910.6,270534.0355,2103336.52,-14.3268
910.7,270533.2535,2103336.971,-12.2355
910.8,270533.9571,2103336.581,-10.2309
911.1,270535.0232,2103334.345,-9.3469
911.2,270536.8162,2103333.316,-10.148
911.3,270537.6007,2103332.875,-12.1613
911.4,270536.9128,2103333.278,-14.2429
911.5,270535.0721,2103334.327,-15.1445
911.6,270533.3857,2103335.303,-14.3728
911.7,270532.575,2103335.766,-12.3212
911.8,270533.2706,2103335.357,-10.2241
912.1,270534.3552,2103333.131,-9.3448
912.2,270536.1192,2103332.129,-10.1488
912.3,270536.909,2103331.675,-12.1924
912.4,270536.2095,2103332.064,-14.2607
912.5,270534.3429,2103333.109,-15.1451
912.6,270532.6655,2103334.072,-14.3596
912.7,270531.8703,2103334.533,-12.2704
912.8,270532.5476,2103334.151,-10.2538
913.1,270533.6558,2103331.892,-9.3484
913.2,270535.4086,2103330.888,-10.1423
913.3,270536.2068,2103330.439,-12.088
913.4,270535.5218,2103330.843,-14.2561
913.5,270533.6626,2103331.887,-15.1476
913.6,270531.9527,2103332.886,-14.3308
913.7,270531.1896,2103333.324,-12.3034
913.8,270531.8765,2103332.92,-10.2391
914.1,270532.9843,2103330.681,-9.3597
914.2,270534.7621,2103329.671,-10.1797
914.3,270535.5313,2103329.23,-12.2157
914.4,270534.8281,2103329.624,-14.2743
914.5,270532.9938,2103330.64,-15.1434
914.6,270531.2909,2103331.628,-14.3638
914.7,270530.4827,2103332.091,-12.287
914.8,270531.1927,2103331.694,-10.223
915.1,270532.2422,2103329.465,-9.3688
915.2,270534.0293,2103328.441,-10.1505
915.3,270534.8398,2103327.991,-12.2584
915.4,270534.1408,2103328.402,-14.2821
915.5,270532.3312,2103329.433,-15.1534
915.6,270530.5841,2103330.443,-14.3331
915.7,270529.8033,2103330.886,-12.292
915.8,270530.4938,2103330.48,-10.24
916.1,270531.5687,2103328.252,-9.3772
916.2,270533.4477,2103327.187,-10.2663
916.3,270534.1644,2103326.782,-12.2087
916.4,270533.4886,2103327.158,-14.2418
916.5,270531.5611,2103328.241,-15.1626
916.6,270529.8845,2103329.2,-14.3488
916.7,270529.1011,2103329.65,-12.2708
916.8,270529.7874,2103329.266,-10.2667
917.1,270530.8647,2103327.021,-9.3925
917.2,270533.215,2103325.68,-11.042
917.3,270533.469,2103325.544,-12.1981
917.4,270532.7286,2103325.978,-14.3215
917.5,270530.9968,2103327.025,-15.1558
917.6,270529.2097,2103327.998,-14.3578
917.7,270528.4067,2103328.45,-12.2304
917.8,270529.139,2103328.02,-10.229
