POINT,CHAINAGE,EASTING,NORTHING,ELEVATION
1,13180,270521.9023,2103311.043,-12.23
2,13181,270522.3965,2103311.912,-12.23
3,13182,270522.8906,2103312.782,-12.23
4,13183,270523.3848,2103313.651,-12.23
5,13184,270523.879,2103314.521,-12.23
6,13185,270524.3731,2103315.39,-12.23
7,13186,270524.8673,2103316.259,-12.23
8,13187,270525.3615,2103317.129,-12.23
9,13188,270525.8556,2103317.998,-12.23
10,13189,270526.3498,2103318.867,-12.23
11,13190,270526.844,2103319.737,-12.23
12,13191,270527.3381,2103320.606,-12.23
13,13192,270527.8323,2103321.475,-12.23
14,13193,270528.3265,2103322.345,-12.23
15,13194,270528.8206,2103323.214,-12.23
16,13195,270529.3148,2103324.084,-12.23
17,13196,270529.809,2103324.953,-12.23
18,13197,270530.3032,2103325.822,-12.23
19,13198,270530.7973,2103326.692,-12.23
20,13199,270531.2915,2103327.561,-12.23
21,13200,270531.7857,2103328.43,-12.23000008
22,13201,270532.2798,2103329.3,-12.23017425
23,13202,270532.774,2103330.169,-12.23068176
24,13203,270533.2682,2103331.038,-12.23152261
25,13204,270533.7623,2103331.908,-12.23269679
26,13205,270534.2565,2103332.777,-12.23420431
27,13206,270534.7507,2103333.647,-12.23604517
28,13207,270535.2448,2103334.516,-12.23821936
29,13208,270535.739,2103335.385,-12.2407269
30,13209,270536.2332,2103336.255,-12.24356777
31,13210,270536.7273,2103337.124,-12.24674198
32,13211,270537.2215,2103337.993,-12.25024953
33,13212,270537.7157,2103338.863,-12.25409041
34,13213,270538.2098,2103339.732,-12.25826464
35,13214,270538.704,2103340.601,-12.2627722
36,13215,270539.1982,2103341.471,-12.2676131
37,13216,270539.6923,2103342.34,-12.27278734
38,13217,270540.1865,2103343.21,-12.27829491
39,13218,270540.6807,2103344.079,-12.28413582
40,13219,270541.1748,2103344.948,-12.29031008
41,13220,270541.669,2103345.818,-12.29681766
42,13221,270542.1632,2103346.687,-12.30365859
43,13222,270542.6573,2103347.556,-12.31083286
44,13223,270543.1515,2103348.426,-12.31834046
45,13224,270543.6457,2103349.295,-12.3261814
46,13225,270544.1398,2103350.165,-12.33435568
47,13226,270544.634,2103351.034,-12.34286329
48,13227,270545.1282,2103351.903,-12.35170425
49,13228,270545.6223,2103352.773,-12.36087854
50,13229,270546.1165,2103353.642,-12.37038617
51,13230,270546.6107,2103354.511,-12.38022714
52,13231,270547.1049,2103355.381,-12.39040145
53,13232,270547.599,2103356.25,-12.40090909
54,13233,270548.0932,2103357.119,-12.41168611
55,13234,270548.5874,2103357.989,-12.42248725
56,13235,270549.0815,2103358.858,-12.4332884
57,13236,270549.5757,2103359.728,-12.44408955
58,13237,270550.0699,2103360.597,-12.4548907
59,13238,270550.564,2103361.466,-12.46569184
60,13239,270551.0582,2103362.336,-12.47649299
61,13240,270551.5524,2103363.205,-12.48729414
62,13241,270552.0465,2103364.074,-12.49809529
63,13242,270552.5407,2103364.944,-12.50889644
64,13243,270553.0349,2103365.813,-12.51969758
65,13244,270553.529,2103366.682,-12.53049873
66,13245,270554.0232,2103367.552,-12.54129988
67,13246,270554.5174,2103368.421,-12.55210103
68,13247,270555.0115,2103369.291,-12.56290217
69,13248,270555.5057,2103370.16,-12.57370332
70,13249,270555.9999,2103371.029,-12.58450447
71,13250,270556.494,2103371.899,-12.59530562
72,13251,270556.9882,2103372.768,-12.60610677
73,13252,270557.4824,2103373.637,-12.61690791
74,13253,270557.9765,2103374.507,-12.62770906
75,13254,270558.4707,2103375.376,-12.63851021
76,13255,270558.9664,2103376.245,-12.6487572
77,13256,270559.4631,2103377.113,-12.65863335
78,13257,270559.9599,2103377.98,-12.66850949
79,13258,270560.4567,2103378.848,-12.67838564
80,13259,270560.9537,2103379.716,-12.68826179
81,13260,270561.4509,2103380.584,-12.69813794
82,13261,270561.9482,2103381.451,-12.70801408
83,13262,270562.4458,2103382.319,-12.71789023
84,13263,270562.9437,2103383.186,-12.72776638
85,13264,270563.4419,2103384.053,-12.73764253
86,13265,270563.9404,2103384.92,-12.74751868
87,13266,270564.4393,2103385.786,-12.75739482
88,13267,270564.9387,2103386.653,-12.76727097
89,13268,270565.4384,2103387.519,-12.77714712
90,13269,270565.9387,2103388.385,-12.78702327
91,13270,270566.4395,2103389.25,-12.79689941
92,13271,270566.9409,2103390.116,-12.80677556
93,13272,270567.4428,2103390.98,-12.81665171
94,13273,270567.9454,2103391.845,-12.82652786
95,13274,270568.4486,2103392.709,-12.836404
96,13275,270568.9526,2103393.573,-12.84628015
97,13276,270569.4573,2103394.436,-12.8561563
98,13277,270569.9627,2103395.299,-12.86603245
99,13278,270570.469,2103396.161,-12.8759086
100,13279,270570.9761,2103397.023,-12.88578474
101,13280,270571.4841,2103397.884,-12.89566089
102,13281,270571.9931,2103398.745,-12.90553704
103,13282,270572.5029,2103399.605,-12.91541319
104,13283,270573.0138,2103400.465,-12.92528933
105,13284,270573.5256,2103401.324,-12.93516548
106,13285,270574.0386,2103402.182,-12.94504163
107,13286,270574.5526,2103403.04,-12.95491778
108,13287,270575.0677,2103403.896,-12.96479393
109,13288,270575.584,2103404.753,-12.97467007
110,13289,270576.1015,2103405.608,-12.98454622
111,13290,270576.6202,2103406.463,-12.99442237
112,13291,270577.1402,2103407.317,-13.00429852
113,13292,270577.6615,2103408.17,-13.01417466
114,13293,270578.1841,2103409.023,-13.02405081
115,13294,270578.7081,2103409.874,-13.03392696
116,13295,270579.232,2103410.726,-13.04435727
117,13296,270579.7563,2103411.577,-13.05515841
118,13297,270580.2821,2103412.427,-13.06595956
119,13298,270580.8092,2103413.277,-13.07676071
120,13299,270581.3378,2103414.126,-13.08756186
121,13300,270581.8678,2103414.973,-13.098363
122,13301,270582.3992,2103415.82,-13.10916415
123,13302,270582.932,2103416.666,-13.1199653
124,13303,270583.4662,2103417.511,-13.13076645
125,13304,270584.0019,2103418.356,-13.1415676
126,13305,270584.5389,2103419.199,-13.15236874
127,13306,270585.0773,2103420.041,-13.16316989
128,13307,270585.6172,2103420.883,-13.17397104
129,13308,270586.1584,2103421.724,-13.18477219
130,13309,270586.7011,2103422.563,-13.19557333
131,13310,270587.2451,2103423.402,-13.20637448
132,13311,270587.7906,2103424.24,-13.21717563
133,13312,270588.3374,2103425.077,-13.22797678
134,13313,270588.8856,2103425.913,-13.23877793
135,13314,270589.4353,2103426.748,-13.24957907
136,13315,270589.9863,2103427.583,-13.26038022
137,13316,270590.5387,2103428.416,-13.27118137
138,13317,270591.0925,2103429.248,-13.28198252
139,13318,270591.6477,2103430.08,-13.29278366
140,13319,270592.2042,2103430.91,-13.30358481
141,13320,270592.7622,2103431.74,-13.31438596
142,13321,270593.3215,2103432.569,-13.32518711
143,13322,270593.8822,2103433.396,-13.33598825
144,13323,270594.4443,2103434.223,-13.3467894
145,13324,270595.0078,2103435.049,-13.35759055
146,13325,270595.5726,2103435.874,-13.3683917
147,13326,270596.1388,2103436.698,-13.37919285
148,13327,270596.7064,2103437.521,-13.38999399
149,13328,270597.2754,2103438.343,-13.40079514
150,13329,270597.8457,2103439.165,-13.41159629
151,13330,270598.4174,2103439.985,-13.42239744
152,13331,270598.9905,2103440.804,-13.43319858
153,13332,270599.5649,2103441.622,-13.44399973
154,13333,270600.1407,2103442.44,-13.45480088
155,13334,270600.7179,2103443.256,-13.46560203
156,13335,270601.2964,2103444.072,-13.47640318
157,13336,270601.8762,2103444.886,-13.48720432
158,13337,270602.4575,2103445.7,-13.49800547
159,13338,270603.04,2103446.512,-13.50880662
160,13339,270603.624,2103447.324,-13.51960777
161,13340,270604.2093,2103448.134,-13.53040891
162,13341,270604.7959,2103448.944,-13.54121006
163,13342,270605.3839,2103449.753,-13.55201121
164,13343,270605.9732,2103450.56,-13.56281236
165,13344,270606.5639,2103451.367,-13.57361351
166,13345,270607.1559,2103452.173,-13.58441465
167,13346,270607.7493,2103452.977,-13.5952158
168,13347,270608.344,2103453.781,-13.60601695
169,13348,270608.9401,2103454.584,-13.6168181
170,13349,270609.5374,2103455.385,-13.62761924
171,13350,270610.1361,2103456.186,-13.63842039
172,13351,270610.7362,2103456.986,-13.64922154
173,13352,270611.3376,2103457.784,-13.66002269
174,13353,270611.9403,2103458.582,-13.67082383
175,13354,270612.5443,2103459.379,-13.68162498
176,13355,270613.1497,2103460.175,-13.69242613
177,13356,270613.7564,2103460.969,-13.70322728
178,13357,270614.3644,2103461.763,-13.71402843
179,13358,270614.9738,2103462.556,-13.72482957
180,13359,270615.5844,2103463.347,-13.73563072
181,13360,270616.1964,2103464.138,-13.74643187
182,13361,270616.8097,2103464.928,-13.75723302
183,13362,270617.4243,2103465.716,-13.76803416
184,13363,270618.0402,2103466.504,-13.77883531
185,13364,270618.6575,2103467.29,-13.78963646
186,13365,270619.276,2103468.076,-13.80043761
187,13366,270619.8959,2103468.86,-13.81123876
188,13367,270620.517,2103469.644,-13.8220399
189,13368,270621.1395,2103470.426,-13.83284105
190,13369,270621.7632,2103471.207,-13.8436422
191,13370,270622.3883,2103471.988,-13.85444335
192,13371,270623.0147,2103472.767,-13.86524449
193,13372,270623.6424,2103473.545,-13.87604564
194,13373,270624.2713,2103474.322,-13.88684679
195,13374,270624.9016,2103475.099,-13.89764794
196,13375,270625.5331,2103475.874,-13.90844909
197,13376,270626.166,2103476.648,-13.91925023
198,13377,270626.8001,2103477.421,-13.93005138
199,13378,270627.4355,2103478.193,-13.94085253
200,13379,270628.0722,2103478.963,-13.95165368
201,13380,270628.7102,2103479.733,-13.96245482
202,13381,270629.3495,2103480.502,-13.97325597
203,13382,270629.99,2103481.27,-13.98405712
204,13383,270630.6319,2103482.036,-13.99485827
205,13384,270631.275,2103482.802,-14.00565941
206,13385,270631.9193,2103483.566,-14.01646056
207,13386,270632.565,2103484.33,-14.02726171
208,13387,270633.2119,2103485.092,-14.03806286
209,13388,270633.8601,2103485.853,-14.04886401
210,13389,270634.5096,2103486.613,-14.05966515
211,13390,270635.1603,2103487.372,-14.0704663
212,13391,270635.8123,2103488.13,-14.08126745
213,13392,270636.4656,2103488.887,-14.0920686
214,13393,270637.1201,2103489.643,-14.10286974
215,13394,270637.7758,2103490.398,-14.11367089
216,13395,270638.4329,2103491.151,-14.12447204
217,13396,270639.0912,2103491.904,-14.13527319
218,13397,270639.7507,2103492.655,-14.14607434
219,13398,270640.4115,2103493.405,-14.15687548
220,13399,270641.0735,2103494.155,-14.16767663
221,13400,270641.7368,2103494.903,-14.17847778
222,13401,270642.4014,2103495.65,-14.18927893
223,13402,270643.0671,2103496.396,-14.20008007
224,13403,270643.7342,2103497.14,-14.21088122
225,13404,270644.4024,2103497.884,-14.22168237
226,13405,270645.0719,2103498.627,-14.23248352
227,13406,270645.7426,2103499.368,-14.24328467
228,13407,270646.4146,2103500.108,-14.25408581
229,13408,270647.0878,2103500.848,-14.26488696
230,13409,270647.7623,2103501.586,-14.27568811
231,13410,270648.4379,2103502.323,-14.28648926
232,13411,270649.1148,2103503.058,-14.2972904
233,13412,270649.7929,2103503.793,-14.30809155
234,13413,270650.4723,2103504.527,-14.3188927
235,13414,270651.1528,2103505.259,-14.32969385
236,13415,270651.8346,2103505.99,-14.34049499
237,13416,270652.5176,2103506.721,-14.35129614
238,13417,270653.2018,2103507.45,-14.36209729
239,13418,270653.8873,2103508.177,-14.37289844
240,13419,270654.5739,2103508.904,-14.38369959
241,13420,270655.2618,2103509.63,-14.39450073
242,13421,270655.9508,2103510.354,-14.40530188
243,13422,270656.6411,2103511.078,-14.41610303
244,13423,270657.3325,2103511.8,-14.42690418
245,13424,270658.0252,2103512.521,-14.43770532
246,13425,270658.7191,2103513.24,-14.44850647
247,13426,270659.4142,2103513.959,-14.45930762
248,13427,270660.1104,2103514.677,-14.47010877
249,13428,270660.8079,2103515.393,-14.48090992
250,13429,270661.5066,2103516.108,-14.49171106
251,13430,270662.2064,2103516.822,-14.50251221
252,13431,270662.9075,2103517.535,-14.51331336
253,13432,270663.6097,2103518.247,-14.52411451
254,13433,270664.3131,2103518.957,-14.53491565
255,13434,270665.0177,2103519.667,-14.5457168
256,13435,270665.7235,2103520.375,-14.55651795
257,13436,270666.4304,2103521.082,-14.5673191
258,13437,270667.1385,2103521.788,-14.57812024
259,13438,270667.8478,2103522.492,-14.58892139
260,13439,270668.5583,2103523.196,-14.59972254
261,13440,270669.27,2103523.898,-14.61052369
262,13441,270669.9828,2103524.599,-14.62132484
263,13442,270670.6968,2103525.299,-14.63212598
264,13443,270671.4119,2103525.997,-14.64292713
265,13444,270672.1283,2103526.695,-14.65372828
266,13445,270672.8457,2103527.391,-14.66452943
267,13446,270673.5644,2103528.086,-14.67533057
268,13447,270674.2842,2103528.78,-14.68613172
269,13448,270675.0051,2103529.473,-14.69693287
270,13449,270675.7272,2103530.165,-14.70773402
271,13450,270676.4505,2103530.855,-14.71853517
272,13451,270677.1749,2103531.544,-14.72933631
273,13452,270677.9004,2103532.232,-14.74013746
274,13453,270678.6271,2103532.918,-14.75093861
275,13454,270679.355,2103533.604,-14.76173976
276,13455,270680.084,2103534.288,-14.7725409
277,13456,270680.8141,2103534.971,-14.78334205
278,13457,270681.5454,2103535.653,-14.7941432
279,13458,270682.2778,2103536.334,-14.80494435
280,13459,270683.0113,2103537.013,-14.8157455
281,13460,270683.7459,2103537.691,-14.82654664
282,13461,270684.4817,2103538.368,-14.83734779
283,13462,270685.2186,2103539.044,-14.84814894
284,13463,270685.9567,2103539.718,-14.85895009
285,13464,270686.6959,2103540.391,-14.86975123
286,13465,270687.4361,2103541.063,-14.88055238
287,13466,270688.1775,2103541.734,-14.89135353
288,13467,270688.9201,2103542.404,-14.90215468
289,13468,270689.6637,2103543.072,-14.91295582
290,13469,270690.4085,2103543.739,-14.92375697
291,13470,270691.1543,2103544.405,-14.93455812
292,13471,270691.9013,2103545.07,-14.94535927
293,13472,270692.6494,2103545.733,-14.95616042
294,13473,270693.3985,2103546.395,-14.96696156
295,13474,270694.1488,2103547.056,-14.97776271
296,13475,270694.9002,2103547.715,-14.98856386
297,13476,270695.6527,2103548.374,-14.99936501
298,13477,270696.4063,2103549.031,-15.01016615
299,13478,270697.1609,2103549.686,-15.0209673
300,13479,270697.9167,2103550.341,-15.03176845
301,13480,270698.6736,2103550.994,-15.0425696
302,13481,270699.4315,2103551.646,-15.05337075
303,13482,270700.1905,2103552.297,-15.06417189
304,13483,270700.9506,2103552.947,-15.07497304
305,13484,270701.7118,2103553.595,-15.08577419
306,13485,270702.4741,2103554.242,-15.09657534
307,13486,270703.2374,2103554.887,-15.10737648
308,13487,270704.0019,2103555.532,-15.11817763
309,13488,270704.7674,2103556.175,-15.12897878
310,13489,270705.5339,2103556.817,-15.13977993
311,13490,270706.3016,2103557.457,-15.15058108
312,13491,270707.0703,2103558.097,-15.16138222
313,13492,270707.84,2103558.735,-15.17218337
314,13493,270708.6109,2103559.372,-15.18298452
315,13494,270709.3828,2103560.007,-15.19378567
316,13495,270710.1557,2103560.641,-15.20458681
317,13496,270710.9297,2103561.274,-15.21538796
318,13497,270711.7048,2103561.906,-15.22618911
319,13498,270712.4809,2103562.536,-15.23699026
320,13499,270713.258,2103563.165,-15.2477914
321,13500,270714.0362,2103563.793,-15.25859255
322,13501,270714.8155,2103564.419,-15.2693937
323,13502,270715.5958,2103565.044,-15.28019485
324,13503,270716.3771,2103565.668,-15.290996
325,13504,270717.1595,2103566.29,-15.30179714
326,13505,270717.9429,2103566.912,-15.31259829
327,13506,270718.7273,2103567.532,-15.32339944
328,13507,270719.5128,2103568.15,-15.33420059
329,13508,270720.2993,2103568.767,-15.34500173
330,13509,270721.0868,2103569.383,-15.35580288
331,13510,270721.8754,2103569.998,-15.36660403
332,13511,270722.665,2103570.611,-15.37740518
333,13512,270723.4556,2103571.223,-15.38820633
334,13513,270724.2472,2103571.834,-15.39900747
335,13514,270725.0398,2103572.443,-15.40980862
336,13515,270725.8335,2103573.051,-15.42060977
337,13516,270726.6282,2103573.658,-15.43141092
338,13517,270727.4238,2103574.264,-15.44221206
339,13518,270728.2205,2103574.868,-15.45301321
340,13519,270729.0182,2103575.47,-15.46381436
341,13520,270729.8169,2103576.072,-15.47461551
342,13521,270730.6166,2103576.672,-15.48541666
343,13522,270731.4173,2103577.271,-15.4962178
344,13523,270732.219,2103577.868,-15.50701895
345,13524,270733.0217,2103578.464,-15.5178201
346,13525,270733.8253,2103579.059,-15.52862125
347,13526,270734.63,2103579.652,-15.53942239
348,13527,270735.4357,2103580.244,-15.55022354
349,13528,270736.2423,2103580.835,-15.56102469
350,13529,270737.0499,2103581.424,-15.57182584
351,13530,270737.8585,2103582.012,-15.58262698
352,13531,270738.6681,2103582.599,-15.59342813
353,13532,270739.4787,2103583.184,-15.60422928
354,13533,270740.2902,2103583.768,-15.61503043
355,13534,270741.1027,2103584.351,-15.62583158
356,13535,270741.9162,2103584.932,-15.63663272
357,13536,270742.7306,2103585.512,-15.64743387
358,13537,270743.546,2103586.091,-15.65823502
359,13538,270744.3624,2103586.668,-15.66903617
360,13539,270745.1797,2103587.244,-15.67983731
361,13540,270745.998,2103587.818,-15.69063846
362,13541,270746.8173,2103588.391,-15.70143961
363,13542,270747.6375,2103588.963,-15.71224076
364,13543,270748.4586,2103589.533,-15.72304191
365,13544,270749.2807,2103590.102,-15.73384305
366,13545,270750.1038,2103590.67,-15.7446442
367,13546,270750.9278,2103591.236,-15.75544535
368,13547,270751.7527,2103591.801,-15.7662465
369,13548,270752.5786,2103592.365,-15.77704764
370,13549,270753.4054,2103592.927,-15.78784879
371,13550,270754.2332,2103593.488,-15.79864994
372,13551,270755.0619,2103594.047,-15.80945109
373,13552,270755.8915,2103594.605,-15.82025223
374,13553,270756.722,2103595.162,-15.83105338
375,13554,270757.5535,2103595.717,-15.84185453
376,13555,270758.3859,2103596.271,-15.85265568
377,13556,270759.2192,2103596.823,-15.86345683
378,13557,270760.0535,2103597.374,-15.87425797
379,13558,270760.8886,2103597.924,-15.88505912
380,13559,270761.7247,2103598.472,-15.89586027
381,13560,270762.5617,2103599.019,-15.90666142
382,13561,270763.3996,2103599.564,-15.91746256
383,13562,270764.2384,2103600.108,-15.92826371
384,13563,270765.0781,2103600.651,-15.93906486
385,13564,270765.9187,2103601.192,-15.94986601
386,13565,270766.7602,2103601.732,-15.96066716
387,13566,270767.6026,2103602.271,-15.9714683
388,13567,270768.4459,2103602.808,-15.98226945
389,13568,270769.2901,2103603.344,-15.9930706
390,13569,270770.1352,2103603.878,-16.00387175
391,13570,270770.9812,2103604.411,-16.01467289
392,13571,270771.828,2103604.942,-16.02547404
393,13572,270772.6758,2103605.472,-16.03627519
394,13573,270773.5244,2103606.001,-16.04707634
395,13574,270774.3739,2103606.528,-16.05787749
396,13575,270775.2243,2103607.054,-16.06867863
397,13576,270776.0756,2103607.578,-16.07947978
398,13577,270776.9277,2103608.101,-16.09028093
399,13578,270777.7808,2103608.623,-16.10108208
400,13579,270778.6346,2103609.143,-16.11188322
401,13580,270779.4894,2103609.661,-16.12268437
402,13581,270780.345,2103610.179,-16.13348552
403,13582,270781.2014,2103610.694,-16.14428667
404,13583,270782.0588,2103611.209,-16.15508781
405,13584,270782.917,2103611.722,-16.16588896
406,13585,270783.776,2103612.233,-16.17669011
407,13586,270784.6359,2103612.743,-16.18749126
408,13587,270785.4966,2103613.252,-16.19829241
409,13588,270786.3582,2103613.759,-16.20909355
410,13589,270787.2206,2103614.265,-16.2198947
411,13590,270788.0839,2103614.769,-16.23069585
412,13591,270788.948,2103615.272,-16.241497
413,13592,270789.813,2103615.774,-16.25229814
414,13593,270790.6787,2103616.274,-16.26309929
415,13594,270791.5453,2103616.773,-16.27390044
416,13595,270792.4128,2103617.27,-16.28470159
417,13596,270793.2811,2103617.765,-16.29550274
418,13597,270794.1502,2103618.26,-16.30630388
419,13598,270795.0201,2103618.752,-16.31710503
420,13599,270795.8908,2103619.244,-16.32790618
421,13600,270796.7624,2103619.734,-16.33870733
422,13601,270797.6347,2103620.222,-16.34950847
423,13602,270798.5079,2103620.709,-16.36030962
424,13603,270799.3819,2103621.195,-16.37111077
425,13604,270800.2567,2103621.679,-16.38191192
426,13605,270801.1323,2103622.161,-16.39271307
427,13606,270802.0087,2103622.643,-16.40351421
428,13607,270802.8849,2103623.124,-16.41502179
429,13608,270803.7615,2103623.605,-16.42674793
430,13609,270804.6389,2103624.084,-16.43847408
431,13610,270805.517,2103624.563,-16.45020023
432,13611,270806.3959,2103625.039,-16.46192638
433,13612,270807.2755,2103625.515,-16.47365252
434,13613,270808.1557,2103625.989,-16.48537867
435,13614,270809.0366,2103626.462,-16.49710482
436,13615,270809.9182,2103626.934,-16.50883097
437,13616,270810.8004,2103627.404,-16.52055712
438,13617,270811.6832,2103627.874,-16.53228326
439,13618,270812.5665,2103628.342,-16.54400941
440,13619,270813.4505,2103628.81,-16.55573556
441,13620,270814.3349,2103629.276,-16.56746171
442,13621,270815.2199,2103629.742,-16.57918785
443,13622,270816.1053,2103630.206,-16.590914
444,13623,270816.9913,2103630.67,-16.60264015
445,13624,270817.8777,2103631.133,-16.6143663
446,13625,270818.7645,2103631.595,-16.62609244
447,13626,270819.6517,2103632.056,-16.63781859
448,13627,270820.5393,2103632.517,-16.64954474
449,13628,270821.4273,2103632.976,-16.66127089
450,13629,270822.3157,2103633.435,-16.67299704
451,13630,270823.2044,2103633.894,-16.68472318
452,13631,270824.0934,2103634.352,-16.69644933
453,13632,270824.9827,2103634.809,-16.70817548
454,13633,270825.8723,2103635.266,-16.71990163
455,13634,270826.7621,2103635.722,-16.73162777
456,13635,270827.6521,2103636.178,-16.74335392
457,13636,270828.5424,2103636.633,-16.75508007
458,13637,270829.4329,2103637.088,-16.76680622
459,13638,270830.3235,2103637.543,-16.77853237
460,13639,270831.2143,2103637.997,-16.79025851
461,13640,270832.1053,2103638.451,-16.80198466
462,13641,270832.9963,2103638.905,-16.81371081
463,13642,270833.8875,2103639.359,-16.82543696
464,13643,270834.7787,2103639.813,-16.8371631
465,13644,270835.6701,2103640.266,-16.84888925
466,13645,270836.5614,2103640.719,-16.8606154
467,13646,270837.4528,2103641.173,-16.87234155
468,13647,270838.3452,2103641.624,-16.88336127
469,13648,270839.2378,2103642.075,-16.89416242
470,13649,270840.1305,2103642.525,-16.90496357
471,13650,270841.0232,2103642.976,-16.91576471
472,13651,270841.9159,2103643.427,-16.92656586
473,13652,270842.8086,2103643.877,-16.93736701
474,13653,270843.7013,2103644.328,-16.94816816
475,13654,270844.594,2103644.779,-16.9589693
476,13655,270845.4866,2103645.229,-16.96977045
477,13656,270846.3793,2103645.68,-16.9805716
478,13657,270847.272,2103646.131,-16.99137275
479,13658,270848.1647,2103646.581,-17.0021739
480,13659,270849.0574,2103647.032,-17.01297504
481,13660,270849.9501,2103647.483,-17.02377619
482,13661,270850.8428,2103647.933,-17.03457734
483,13662,270851.7354,2103648.384,-17.04537849
484,13663,270852.6281,2103648.835,-17.05617963
485,13664,270853.5208,2103649.285,-17.06698078
486,13665,270854.4135,2103649.736,-17.07778193
487,13666,270855.3062,2103650.187,-17.08858308
488,13667,270856.1989,2103650.637,-17.09938423
489,13668,270857.0916,2103651.088,-17.11018537
490,13669,270857.9842,2103651.539,-17.12098652
491,13670,270858.8769,2103651.99,-17.13178767
492,13671,270859.7696,2103652.44,-17.14258882
493,13672,270860.6623,2103652.891,-17.15338996
494,13673,270861.555,2103653.342,-17.16419111
495,13674,270862.4477,2103653.792,-17.17499226
496,13675,270863.3404,2103654.243,-17.18579341
497,13676,270864.233,2103654.694,-17.19659455
498,13677,270865.1257,2103655.144,-17.2073957
499,13678,270866.0184,2103655.595,-17.21819685
500,13679,270866.9111,2103656.046,-17.228998
501,13680,270867.8038,2103656.496,-17.23979915
502,13681,270868.6965,2103656.947,-17.25060029
503,13682,270869.5892,2103657.398,-17.26140144
504,13683,270870.4818,2103657.848,-17.27220259
505,13684,270871.3745,2103658.299,-17.28300374
506,13685,270872.2672,2103658.75,-17.29380488
507,13686,270873.1599,2103659.2,-17.30460603
508,13687,270874.0526,2103659.651,-17.31540718
509,13688,270874.9453,2103660.102,-17.32620833
510,13689,270875.838,2103660.552,-17.33700948
511,13690,270876.7306,2103661.003,-17.34781062
512,13691,270877.6233,2103661.454,-17.35861177
513,13692,270878.516,2103661.904,-17.36941292
514,13693,270879.4087,2103662.355,-17.38021407
515,13694,270880.3014,2103662.806,-17.39101521
516,13695,270881.1941,2103663.257,-17.40181636
517,13696,270882.0867,2103663.707,-17.41261751
518,13697,270882.9794,2103664.158,-17.42341866
519,13698,270883.8721,2103664.609,-17.4342198
520,13699,270884.7648,2103665.059,-17.44502095
521,13700,270885.6575,2103665.51,-17.4558221
522,13701,270886.5502,2103665.961,-17.46662325
523,13702,270887.4429,2103666.411,-17.4774244
524,13703,270888.3355,2103666.862,-17.48822554
525,13704,270889.2282,2103667.313,-17.49902669
526,13705,270890.1209,2103667.763,-17.50982784
527,13706,270891.0136,2103668.214,-17.52062899
528,13707,270891.9063,2103668.665,-17.53143013
529,13708,270892.799,2103669.115,-17.54223128
530,13709,270893.6917,2103669.566,-17.55303243
531,13710,270894.5843,2103670.017,-17.56383358
532,13711,270895.477,2103670.467,-17.57463473
533,13712,270896.3697,2103670.918,-17.58543587
534,13713,270897.2624,2103671.369,-17.59623702
535,13714,270898.1551,2103671.819,-17.60703817
536,13715,270899.0478,2103672.27,-17.61783932
537,13716,270899.9405,2103672.721,-17.62864046
538,13717,270900.8331,2103673.171,-17.63944161
539,13718,270901.7258,2103673.622,-17.65024276
540,13719,270902.6185,2103674.073,-17.66104391
541,13720,270903.5112,2103674.524,-17.67184506
542,13721,270904.4039,2103674.974,-17.6826462
543,13722,270905.2966,2103675.425,-17.69344735
544,13723,270906.1893,2103675.876,-17.7042485
545,13724,270907.0819,2103676.326,-17.71504965
546,13725,270907.9746,2103676.777,-17.72585079
547,13726,270908.8673,2103677.228,-17.73665194
548,13727,270909.76,2103677.678,-17.74745309
549,13728,270910.6527,2103678.129,-17.75825424
550,13729,270911.5454,2103678.58,-17.76905538
551,13730,270912.4381,2103679.03,-17.77985653
552,13731,270913.3307,2103679.481,-17.79065768
553,13732,270914.2234,2103679.932,-17.80145883
554,13733,270915.1161,2103680.382,-17.81225998
555,13734,270916.0088,2103680.833,-17.82306112
556,13735,270916.9015,2103681.284,-17.83386227
557,13736,270917.7942,2103681.734,-17.84466342
558,13737,270918.6869,2103682.185,-17.85546457
559,13738,270919.5795,2103682.636,-17.86626571
560,13739,270920.4722,2103683.086,-17.87706686
561,13740,270921.3649,2103683.537,-17.88786801
562,13741,270922.2576,2103683.988,-17.89866916
563,13742,270923.1503,2103684.438,-17.90947031
564,13743,270924.043,2103684.889,-17.92027145
565,13744,270924.9357,2103685.34,-17.9310726
566,13745,270925.8283,2103685.791,-17.94187375
567,13746,270926.721,2103686.241,-17.9526749
568,13747,270927.6137,2103686.692,-17.96347604
569,13748,270928.5064,2103687.143,-17.97427719
570,13749,270929.3991,2103687.593,-17.98507834
571,13750,270930.2918,2103688.044,-17.99587949
572,13751,270931.1845,2103688.495,-18.00668064
573,13752,270932.0771,2103688.945,-18.01748178
574,13753,270932.9698,2103689.396,-18.02828293
575,13754,270933.8625,2103689.847,-18.03908408
576,13755,270934.7552,2103690.297,-18.04988523
577,13756,270935.6479,2103690.748,-18.06068637
578,13757,270936.5406,2103691.199,-18.07148752
579,13758,270937.4333,2103691.649,-18.08228867
580,13759,270938.3259,2103692.1,-18.09308982
581,13760,270939.2186,2103692.551,-18.10389096
582,13761,270940.1113,2103693.001,-18.11469211
583,13762,270941.004,2103693.452,-18.12549326
584,13763,270941.8967,2103693.903,-18.13629441
585,13764,270942.7894,2103694.353,-18.14709556
586,13765,270943.6821,2103694.804,-18.1578967
587,13766,270944.5747,2103695.255,-18.16869785
588,13767,270945.4674,2103695.705,-18.179499
589,13768,270946.3601,2103696.156,-18.19030015
590,13769,270947.2528,2103696.607,-18.20110129
591,13770,270948.1455,2103697.058,-18.21190244
592,13771,270949.0382,2103697.508,-18.22270359
593,13772,270949.9309,2103697.959,-18.23350474
594,13773,270950.8235,2103698.41,-18.24430589
595,13774,270951.7162,2103698.86,-18.25510703
596,13775,270952.6089,2103699.311,-18.26590818
597,13776,270953.5016,2103699.762,-18.27670933
598,13777,270954.3943,2103700.212,-18.28751048
599,13778,270955.287,2103700.663,-18.29831162
600,13779,270956.1797,2103701.114,-18.30911277
601,13780,270957.0723,2103701.564,-18.31991392
602,13781,270957.965,2103702.015,-18.33071507
603,13782,270958.8577,2103702.466,-18.34151622
604,13783,270959.7504,2103702.916,-18.35231736
605,13784,270960.6431,2103703.367,-18.36311851
606,13785,270961.5358,2103703.818,-18.37391966
607,13786,270962.4285,2103704.268,-18.38472081
608,13787,270963.3211,2103704.719,-18.39552195
609,13788,270964.2138,2103705.17,-18.4063231
610,13789,270965.1065,2103705.62,-18.41712425
611,13790,270965.9992,2103706.071,-18.4279254
612,13791,270966.8919,2103706.522,-18.43872654
613,13792,270967.7846,2103706.972,-18.44952769
614,13793,270968.6773,2103707.423,-18.46032884
615,13794,270969.5694,2103707.875,-18.4707152
616,13795,270970.4608,2103708.328,-18.48064135
617,13796,270971.3522,2103708.781,-18.4905675
618,13797,270972.2436,2103709.235,-18.50049365
619,13798,270973.1349,2103709.688,-18.51041979
620,13799,270974.0261,2103710.142,-18.52034594
621,13800,270974.9173,2103710.595,-18.53027209
622,13801,270975.8083,2103711.049,-18.54019824
623,13802,270976.6991,2103711.504,-18.55012439
624,13803,270977.5898,2103711.958,-18.56005053
625,13804,270978.4804,2103712.413,-18.56997668
626,13805,270979.3707,2103712.868,-18.57990283
627,13806,270980.2608,2103713.324,-18.58982898
628,13807,270981.1507,2103713.78,-18.59975512
629,13808,270982.0403,2103714.237,-18.60968127
630,13809,270982.9297,2103714.694,-18.61960742
631,13810,270983.8188,2103715.152,-18.62953357
632,13811,270984.7075,2103715.61,-18.63945972
633,13812,270985.596,2103716.069,-18.64938586
634,13813,270986.484,2103716.529,-18.65931201
635,13814,270987.3718,2103716.989,-18.66923816
636,13815,270988.2591,2103717.45,-18.67916431
637,13816,270989.146,2103717.912,-18.68909045
638,13817,270990.0325,2103718.374,-18.6990166
639,13818,270990.9186,2103718.838,-18.70894275
640,13819,270991.8041,2103719.302,-18.7188689
641,13820,270992.6892,2103719.767,-18.72879505
642,13821,270993.5738,2103720.234,-18.73872119
643,13822,270994.4579,2103720.701,-18.74864734
644,13823,270995.3414,2103721.169,-18.75857349
645,13824,270996.2244,2103721.638,-18.76849964
646,13825,270997.1067,2103722.109,-18.77842578
647,13826,270997.9885,2103722.58,-18.78835193
648,13827,270998.8696,2103723.053,-18.79827808
649,13828,270999.7501,2103723.526,-18.80820423
650,13829,271000.6299,2103724.002,-18.81813037
651,13830,271001.509,2103724.478,-18.82805652
652,13831,271002.3874,2103724.955,-18.83798267
653,13832,271003.2651,2103725.434,-18.84790882
654,13833,271004.142,2103725.915,-18.85783497
655,13834,271005.0187,2103726.395,-18.8681759
656,13835,271005.8954,2103726.876,-18.87897705
657,13836,271006.7712,2103727.358,-18.88977819
658,13837,271007.6463,2103727.842,-18.90055428
659,13838,271008.5206,2103728.327,-18.91101383
660,13839,271009.3941,2103728.813,-18.92107338
661,13840,271010.2669,2103729.301,-18.93073293
662,13841,271011.1388,2103729.79,-18.93999248
663,13842,271012.0099,2103730.281,-18.94885204
664,13843,271012.8802,2103730.773,-18.9573116
665,13844,271013.7498,2103731.267,-18.96537116
666,13845,271014.6185,2103731.762,-18.97303072
667,13846,271015.4864,2103732.258,-18.98029028
668,13847,271016.3535,2103732.756,-18.98714984
669,13848,271017.2198,2103733.255,-18.99360941
670,13849,271018.0853,2103733.756,-18.99966898
671,13850,271018.95,2103734.258,-19.00532855
672,13851,271019.8138,2103734.761,-19.01058812
673,13852,271020.6769,2103735.266,-19.01544769
674,13853,271021.5391,2103735.772,-19.01990726
675,13854,271022.4005,2103736.28,-19.02396684
676,13855,271023.2611,2103736.789,-19.02762642
677,13856,271024.1208,2103737.299,-19.030886
678,13857,271024.9797,2103737.811,-19.03374558
679,13858,271025.8378,2103738.324,-19.03620516
680,13859,271026.695,2103738.838,-19.03826474
681,13860,271027.5514,2103739.354,-19.03992433
682,13861,271028.407,2103739.872,-19.04118392
683,13862,271029.2617,2103740.39,-19.04204351
684,13863,271030.1156,2103740.911,-19.0425031
685,13864,271030.9686,2103741.432,-19.04256269
686,13865,271031.8208,2103741.955,-19.04222229
687,13866,271032.6721,2103742.479,-19.04148188
688,13867,271033.5226,2103743.005,-19.04034148
689,13868,271034.3722,2103743.532,-19.03880108
690,13869,271035.221,2103744.06,-19.03686068
691,13870,271036.0689,2103744.59,-19.03452028
692,13871,271036.916,2103745.121,-19.03177989
693,13872,271037.7621,2103745.654,-19.02863949
694,13873,271038.6075,2103746.188,-19.0250991
695,13874,271039.4519,2103746.723,-19.02124217
696,13875,271040.2955,2103747.26,-19.01736018
697,13876,271041.1382,2103747.798,-19.01347819
698,13877,271041.98,2103748.337,-19.0095962
699,13878,271042.8209,2103748.878,-19.00571421
700,13879,271043.661,2103749.42,-19.00183222
701,13880,271044.5002,2103749.964,-18.99795022
702,13881,271045.3385,2103750.509,-18.99406823
703,13882,271046.1759,2103751.055,-18.99018624
704,13883,271047.0124,2103751.603,-18.98630425
705,13884,271047.8481,2103752.152,-18.98242226
706,13885,271048.6828,2103752.702,-18.97854027
707,13886,271049.5167,2103753.254,-18.97465828
708,13887,271050.3496,2103753.807,-18.97077629
709,13888,271051.1816,2103754.361,-18.9668943
710,13889,271052.0128,2103754.917,-18.96301231
711,13890,271052.843,2103755.474,-18.95913031
712,13891,271053.6724,2103756.032,-18.95524832
713,13892,271054.5023,2103756.59,-18.95219959
714,13893,271055.3313,2103757.149,-18.9491926
715,13894,271056.1596,2103757.709,-18.94618561
716,13895,271056.9869,2103758.27,-18.94317862
717,13896,271057.8135,2103758.833,-18.94017163
718,13897,271058.6393,2103759.397,-18.93716464
719,13898,271059.4643,2103759.962,-18.93415765
720,13899,271060.2885,2103760.528,-18.93115066
721,13900,271061.112,2103761.095,-18.92814367
722,13901,271061.9348,2103761.663,-18.92513667
723,13902,271062.757,2103762.232,-18.92212968
724,13903,271063.5784,2103762.802,-18.91912269
725,13904,271064.3992,2103763.373,-18.9161157
726,13905,271065.2194,2103763.945,-18.91310871
727,13906,271066.039,2103764.518,-18.91010172
728,13907,271066.858,2103765.092,-18.90709473
729,13908,271067.6764,2103765.666,-18.90408774
730,13909,271068.4943,2103766.241,-18.90108075
731,13910,271069.3117,2103766.817,-18.89807376
732,13911,271070.1286,2103767.394,-18.89506676
733,13912,271070.9451,2103767.972,-18.89205977
734,13913,271071.7611,2103768.55,-18.88905278
735,13914,271072.5766,2103769.128,-18.88604579
736,13915,271073.3918,2103769.707,-18.8830388
737,13916,271074.2066,2103770.287,-18.88003181
738,13917,271075.0211,2103770.867,-18.87702482
739,13918,271075.8352,2103771.448,-18.87401783
740,13919,271076.649,2103772.029,-18.87101084
741,13920,271077.4626,2103772.61,-18.86800385
742,13921,271078.2758,2103773.192,-18.86499685
743,13922,271079.0889,2103773.774,-18.86198986
744,13923,271079.9017,2103774.357,-18.85898287
745,13924,271080.7143,2103774.94,-18.85597588
746,13925,271081.5268,2103775.523,-18.85296889
747,13926,271082.3392,2103776.106,-18.8499619
748,13927,271083.1514,2103776.689,-18.84695491
749,13928,271083.9635,2103777.273,-18.84394792
750,13929,271084.7755,2103777.856,-18.84094093
751,13930,271085.5875,2103778.44,-18.83793394
752,13931,271086.3995,2103779.024,-18.83492694
753,13932,271087.21,2103779.61,-18.83108669
754,13933,271088.0203,2103780.195,-18.8272047
755,13934,271088.8307,2103780.781,-18.82332271
756,13935,271089.6411,2103781.367,-18.81944072
757,13936,271090.4514,2103781.953,-18.81555873
758,13937,271091.2618,2103782.539,-18.81167674
759,13938,271092.0722,2103783.125,-18.80779475
760,13939,271092.8826,2103783.711,-18.80391276
761,13940,271093.6929,2103784.297,-18.80003076
762,13941,271094.5033,2103784.883,-18.79614877
763,13942,271095.3137,2103785.469,-18.79226678
764,13943,271096.1241,2103786.055,-18.78838479
765,13944,271096.9344,2103786.641,-18.7845028
766,13945,271097.7448,2103787.226,-18.78062081
767,13946,271098.5552,2103787.812,-18.77673882
768,13947,271099.3655,2103788.398,-18.77285683
769,13948,271100.1759,2103788.984,-18.76897484
770,13949,271100.9863,2103789.57,-18.76509285
771,13950,271101.7967,2103790.156,-18.76121085
772,13951,271102.607,2103790.742,-18.75732886
773,13952,271103.4174,2103791.328,-18.75344687
774,13953,271104.2278,2103791.914,-18.74956488
775,13954,271105.0382,2103792.5,-18.74568289
776,13955,271105.8485,2103793.086,-18.7418009
777,13956,271106.6589,2103793.672,-18.73791891
778,13957,271107.4693,2103794.257,-18.73403692
779,13958,271108.2796,2103794.843,-18.73015493
780,13959,271109.09,2103795.429,-18.72627294
781,13960,271109.9004,2103796.015,-18.72239094
782,13961,271110.7108,2103796.601,-18.71850895
783,13962,271111.5211,2103797.187,-18.71462696
784,13963,271112.3315,2103797.773,-18.71074497
785,13964,271113.1419,2103798.359,-18.70686298
786,13965,271113.9523,2103798.945,-18.70298099
787,13966,271114.7626,2103799.531,-18.699099
788,13967,271115.573,2103800.117,-18.69521701
789,13968,271116.3834,2103800.702,-18.69133502
790,13969,271117.1937,2103801.288,-18.68745303
791,13970,271118.003,2103801.876,-18.68296106
792,13971,271118.8116,2103802.464,-18.67817906
793,13972,271119.6202,2103803.053,-18.67339707
794,13973,271120.4287,2103803.641,-18.66861508
795,13974,271121.2372,2103804.23,-18.66383309
796,13975,271122.0455,2103804.818,-18.6590511
797,13976,271122.8536,2103805.407,-18.65426911
798,13977,271123.6615,2103805.997,-18.64948712
799,13978,271124.4692,2103806.586,-18.64470513
800,13979,271125.2767,2103807.176,-18.63992314
801,13980,271126.0839,2103807.766,-18.63514115
802,13981,271126.8908,2103808.357,-18.63035915
803,13982,271127.6973,2103808.948,-18.62557716
804,13983,271128.5035,2103809.54,-18.62079517
805,13984,271129.3093,2103810.132,-18.61601318
806,13985,271130.1147,2103810.725,-18.61123119
807,13986,271130.9196,2103811.318,-18.6064492
808,13987,271131.724,2103811.912,-18.60166721
809,13988,271132.528,2103812.507,-18.59688522
810,13989,271133.3314,2103813.102,-18.59210323
811,13990,271134.1342,2103813.698,-18.58732124
812,13991,271134.9364,2103814.295,-18.58253924
813,13992,271135.738,2103814.893,-18.57775725
814,13993,271136.5389,2103815.492,-18.57297526
815,13994,271137.3392,2103816.091,-18.56819327
816,13995,271138.1387,2103816.692,-18.56341128
817,13996,271138.9375,2103817.293,-18.55862929
818,13997,271139.7355,2103817.896,-18.5538473
819,13998,271140.5327,2103818.499,-18.54906531
820,13999,271141.329,2103819.104,-18.54428332
821,14000,271142.1245,2103819.71,-18.53950133
822,14001,271142.9191,2103820.316,-18.53471933
823,14002,271143.7127,2103820.925,-18.52993734
824,14003,271144.5054,2103821.534,-18.52515535
825,14004,271145.2971,2103822.145,-18.52037336
826,14005,271146.0877,2103822.757,-18.51559137
827,14006,271146.8773,2103823.37,-18.51080938
828,14007,271147.6658,2103823.985,-18.50602739
829,14008,271148.4532,2103824.601,-18.5012454
830,14009,271149.2394,2103825.218,-18.49646341
831,14010,271150.0245,2103825.838,-18.49168142
832,14011,271150.8083,2103826.458,-18.48689942
833,14012,271151.5908,2103827.08,-18.48211743
834,14013,271152.3721,2103827.704,-18.47733544
835,14014,271153.152,2103828.33,-18.47255345
836,14015,271153.9306,2103828.957,-18.46777146
837,14016,271154.7078,2103829.586,-18.46298947
838,14017,271155.4835,2103830.216,-18.45820748
839,14018,271156.2578,2103830.848,-18.45342549
840,14019,271157.0306,2103831.483,-18.4486435
841,14020,271157.8032,2103832.117,-18.44447148
842,14021,271158.5747,2103832.753,-18.44058949
843,14022,271159.3448,2103833.39,-18.4367075
844,14023,271160.1133,2103834.029,-18.43282551
845,14024,271160.8803,2103834.67,-18.42894352
846,14025,271161.6457,2103835.313,-18.42506153
847,14026,271162.4096,2103835.958,-18.42117954
848,14027,271163.172,2103836.605,-18.41729755
849,14028,271163.9327,2103837.253,-18.41341556
850,14029,271164.6919,2103837.904,-18.40953357
851,14030,271165.4496,2103838.556,-18.40565157
852,14031,271166.2056,2103839.21,-18.40176958
853,14032,271166.9601,2103839.865,-18.39788759
854,14033,271167.713,2103840.523,-18.3940056
855,14034,271168.4644,2103841.182,-18.39012361
856,14035,271169.2141,2103841.844,-18.38624162
857,14036,271169.9622,2103842.507,-18.38235963
858,14037,271170.7088,2103843.172,-18.37847764
859,14038,271171.4537,2103843.838,-18.37459565
860,14039,271172.197,2103844.507,-18.37071366
861,14040,271172.9388,2103845.177,-18.36683166
862,14041,271173.6789,2103845.849,-18.36294967
863,14042,271174.4174,2103846.522,-18.35906768
864,14043,271175.1542,2103847.198,-18.35518569
865,14044,271175.8894,2103847.875,-18.3513037
866,14045,271176.623,2103848.554,-18.34742171
867,14046,271177.355,2103849.235,-18.34353972
868,14047,271178.0853,2103849.918,-18.33965773
869,14048,271178.814,2103850.602,-18.33577574
870,14049,271179.541,2103851.288,-18.33189375
871,14050,271180.2664,2103851.976,-18.32801175
872,14051,271180.9901,2103852.666,-18.32412976
873,14052,271181.7122,2103853.357,-18.32024777
874,14053,271182.4325,2103854.05,-18.31636578
875,14054,271183.1513,2103854.745,-18.31248379
876,14055,271183.8683,2103855.441,-18.3086018
877,14056,271184.5837,2103856.14,-18.30471981
878,14057,271185.2973,2103856.84,-18.30083782
879,14058,271186.0093,2103857.541,-18.29695583
880,14059,271186.7196,2103858.245,-18.29307384
881,14060,271187.4282,2103858.95,-18.28919184
882,14061,271188.1351,2103859.657,-18.28530985
883,14062,271188.8418,2103860.364,-18.28207872
884,14063,271189.5474,2103861.072,-18.27909673
885,14064,271190.2513,2103861.782,-18.27611474
886,14065,271190.9537,2103862.493,-18.27313275
887,14066,271191.6544,2103863.206,-18.27015076
888,14067,271192.3537,2103863.921,-18.26716877
889,14068,271193.0514,2103864.637,-18.26418678
890,14069,271193.7476,2103865.354,-18.26120479
891,14070,271194.4423,2103866.073,-18.2582228
892,14071,271195.1357,2103866.793,-18.2552408
893,14072,271195.8276,2103867.515,-18.25225881
894,14073,271196.5182,2103868.238,-18.24927682
895,14074,271197.2075,2103868.962,-18.24629483
896,14075,271197.8955,2103869.688,-18.24331284
897,14076,271198.5822,2103870.414,-18.24033085
898,14077,271199.2676,2103871.142,-18.23734886
899,14078,271199.9519,2103871.871,-18.23436687
900,14079,271200.6351,2103872.601,-18.23138488
901,14080,271201.317,2103873.332,-18.22840289
902,14081,271201.9979,2103874.065,-18.22542089
903,14082,271202.6778,2103874.798,-18.2224389
904,14083,271203.3566,2103875.532,-18.21945691
905,14084,271204.0344,2103876.267,-18.21647492
906,14085,271204.7112,2103877.003,-18.21349293
907,14086,271205.3872,2103877.74,-18.21051094
908,14087,271206.0622,2103878.478,-18.20752895
909,14088,271206.7364,2103879.216,-18.20454696
910,14089,271207.4097,2103879.955,-18.20156497
911,14090,271208.0823,2103880.695,-18.19858298
912,14091,271208.7541,2103881.436,-18.19560098
913,14092,271209.4252,2103882.177,-18.19261899
914,14093,271210.0956,2103882.919,-18.189637
915,14094,271210.7653,2103883.662,-18.18665501
916,14095,271211.4344,2103884.405,-18.18367302
917,14096,271212.103,2103885.148,-18.18069103
918,14097,271212.771,2103885.893,-18.17770904
919,14098,271213.4385,2103886.637,-18.17472705
920,14099,271214.1055,2103887.382,-18.17174506
921,14100,271214.7721,2103888.128,-18.16876307
922,14101,271215.4383,2103888.873,-18.16578107
923,14102,271216.1041,2103889.619,-18.16279908
924,14103,271216.7696,2103890.366,-18.15981709
925,14104,271217.4348,2103891.113,-18.1568351
926,14105,271218.0997,2103891.859,-18.15385311
927,14106,271218.7645,2103892.607,-18.15087112
928,14107,271219.429,2103893.354,-18.14788913
929,14108,271220.0933,2103894.101,-18.14490714
930,14109,271220.7576,2103894.849,-18.14192515
931,14110,271221.4218,2103895.596,-18.13894316
932,14111,271222.0859,2103896.344,-18.13596116
933,14112,271222.7484,2103897.093,-18.13232831
934,14113,271223.4103,2103897.843,-18.12844632
935,14114,271224.0723,2103898.592,-18.12456433
936,14115,271224.7342,2103899.342,-18.12068234
937,14116,271225.3961,2103900.091,-18.11680035
938,14117,271226.0581,2103900.841,-18.11291836
939,14118,271226.72,2103901.59,-18.10903637
940,14119,271227.382,2103902.34,-18.10515438
941,14120,271228.0439,2103903.089,-18.10127238
942,14121,271228.7058,2103903.839,-18.09739039
943,14122,271229.3678,2103904.589,-18.0935084
944,14123,271230.0297,2103905.338,-18.08962641
945,14124,271230.6916,2103906.088,-18.08574442
946,14125,271231.3536,2103906.837,-18.08186243
947,14126,271232.0155,2103907.587,-18.07798044
948,14127,271232.6774,2103908.336,-18.07409845
949,14128,271233.3394,2103909.086,-18.07021646
950,14129,271234.0013,2103909.836,-18.06633447
951,14130,271234.6632,2103910.585,-18.06245247
952,14131,271235.3252,2103911.335,-18.05857048
953,14132,271235.9871,2103912.084,-18.05468849
954,14133,271236.649,2103912.834,-18.0508065
955,14134,271237.311,2103913.583,-18.04692451
956,14135,271237.9729,2103914.333,-18.04304252
957,14136,271238.6348,2103915.082,-18.03916053
958,14137,271239.2968,2103915.832,-18.03527854
959,14138,271239.9587,2103916.582,-18.03139655
960,14139,271240.6207,2103917.331,-18.02751456
961,14140,271241.2826,2103918.081,-18.02363256
962,14141,271241.9445,2103918.83,-18.01975057
963,14142,271242.6065,2103919.58,-18.01586858
964,14143,271243.2684,2103920.329,-18.01198659
965,14144,271243.9303,2103921.079,-18.0081046
966,14145,271244.5923,2103921.829,-18.00422261
967,14146,271245.2542,2103922.578,-18.00034062
968,14147,271245.9161,2103923.328,-17.99645863
969,14148,271246.5781,2103924.077,-17.99257664
970,14149,271247.24,2103924.827,-17.98869465
971,14150,271247.9019,2103925.576,-17.98481265
972,14151,271248.5639,2103926.326,-17.98093066
973,14152,271249.2258,2103927.075,-17.97704867
974,14153,271249.8877,2103927.825,-17.97316668
975,14154,271250.5497,2103928.575,-17.96928469
976,14155,271251.2116,2103929.324,-17.9654027
977,14156,271251.8735,2103930.074,-17.96152071
978,14157,271252.5355,2103930.823,-17.95763872
979,14158,271253.1974,2103931.573,-17.95375673
980,14159,271253.8593,2103932.322,-17.94987474
981,14160,271254.5213,2103933.072,-17.94599274
982,14161,271255.1832,2103933.821,-17.94211075
983,14162,271255.8452,2103934.571,-17.93822876
984,14163,271256.5071,2103935.321,-17.93434677
985,14164,271257.169,2103936.07,-17.93046478
986,14165,271257.831,2103936.82,-17.92658279
987,14166,271258.4929,2103937.569,-17.9227008
988,14167,271259.1548,2103938.319,-17.91881881
989,14168,271259.8168,2103939.068,-17.91493682
990,14169,271260.4787,2103939.818,-17.91105483
991,14170,271261.1406,2103940.568,-17.90717283
992,14171,271261.8036,2103941.316,-17.90286031
993,14172,271262.468,2103942.064,-17.89801468
994,14173,271263.1324,2103942.811,-17.89316906
995,14174,271263.797,2103943.558,-17.88832343
996,14175,271264.4618,2103944.305,-17.8834778
997,14176,271265.1268,2103945.052,-17.87863217
998,14177,271265.7922,2103945.799,-17.87378655
999,14178,271266.4579,2103946.545,-17.86894092
1000,14179,271267.1241,2103947.29,-17.86409529
1001,14180,271267.7908,2103948.036,-17.85924966
1002,14181,271268.458,2103948.781,-17.85440404
1003,14182,271269.1258,2103949.525,-17.84955841
1004,14183,271269.7943,2103950.269,-17.84471278
1005,14184,271270.4636,2103951.012,-17.83986715
1006,14185,271271.1336,2103951.754,-17.83502153
1007,14186,271271.8044,2103952.495,-17.8301759
1008,14187,271272.4762,2103953.236,-17.82533027
1009,14188,271273.1489,2103953.976,-17.82048465
1010,14189,271273.8226,2103954.715,-17.81563902
1011,14190,271274.4974,2103955.453,-17.81079339
1012,14191,271275.1734,2103956.189,-17.80594776
1013,14192,271275.8505,2103956.925,-17.80110214
1014,14193,271276.5288,2103957.66,-17.79625651
1015,14194,271277.2085,2103958.393,-17.79141088
1016,14195,271277.8895,2103959.125,-17.78656525
1017,14196,271278.5719,2103959.856,-17.78171963
1018,14197,271279.2557,2103960.585,-17.776874
1019,14198,271279.9411,2103961.313,-17.77202837
1020,14199,271280.628,2103962.04,-17.76718274
1021,14200,271281.3166,2103962.765,-17.76233712
1022,14201,271282.0068,2103963.488,-17.75749149
1023,14202,271282.6988,2103964.21,-17.75264586
1024,14203,271283.3925,2103964.929,-17.74780023
1025,14204,271284.0881,2103965.648,-17.74295461
1026,14205,271284.7856,2103966.364,-17.73810898
1027,14206,271285.485,2103967.078,-17.73326335
1028,14207,271286.1864,2103967.79,-17.72841773
1029,14208,271286.8898,2103968.501,-17.7235721
1030,14209,271287.5953,2103969.209,-17.71872647
1031,14210,271288.303,2103969.915,-17.71388084
1032,14211,271289.0128,2103970.619,-17.70903522
1033,14212,271289.7249,2103971.32,-17.70418959
1034,14213,271290.4392,2103972.019,-17.69934396
1035,14214,271291.1559,2103972.716,-17.69449833
1036,14215,271291.8749,2103973.41,-17.68965271
1037,14216,271292.5964,2103974.102,-17.68480708
1038,14217,271293.3203,2103974.791,-17.67996145
1039,14218,271294.0467,2103975.478,-17.67511582
1040,14219,271294.7757,2103976.161,-17.6702702
1041,14220,271295.5073,2103976.842,-17.66542457
1042,14221,271296.2415,2103977.52,-17.66057894
1043,14222,271296.9784,2103978.195,-17.65573331
1044,14223,271297.718,2103978.867,-17.65088769
1045,14224,271298.4604,2103979.536,-17.64604206
1046,14225,271299.2056,2103980.202,-17.64119643
1047,14226,271299.9526,2103980.866,-17.63678134
1048,14227,271300.7014,2103981.527,-17.63289935
1049,14228,271301.4531,2103982.186,-17.62901736
1050,14229,271302.2076,2103982.841,-17.62513537
1051,14230,271302.9649,2103983.493,-17.62125337
1052,14231,271303.7251,2103984.141,-17.61737138
1053,14232,271304.4881,2103984.787,-17.61348939
1054,14233,271305.2539,2103985.428,-17.6096074
1055,14234,271306.0224,2103986.067,-17.60572541
1056,14235,271306.7938,2103986.702,-17.60184342
1057,14236,271307.5678,2103987.334,-17.59796143
1058,14237,271308.3447,2103987.963,-17.59407944
1059,14238,271309.1242,2103988.588,-17.59019745
1060,14239,271309.9065,2103989.209,-17.58631546
1061,14240,271310.6915,2103989.828,-17.58243346
1062,14241,271311.4791,2103990.443,-17.57855147
1063,14242,271312.2694,2103991.054,-17.57466948
1064,14243,271313.0624,2103991.662,-17.57078749
1065,14244,271313.858,2103992.267,-17.5669055
1066,14245,271314.6562,2103992.868,-17.56302351
1067,14246,271315.457,2103993.465,-17.55914152
1068,14247,271316.2604,2103994.06,-17.55525953
1069,14248,271317.0664,2103994.65,-17.55137754
1070,14249,271317.875,2103995.237,-17.54749554
1071,14250,271318.6861,2103995.821,-17.54361355
1072,14251,271319.4997,2103996.401,-17.53973156
1073,14252,271320.3158,2103996.978,-17.53584957
1074,14253,271321.1345,2103997.551,-17.53196758
1075,14254,271321.9556,2103998.12,-17.52808559
1076,14255,271322.7792,2103998.686,-17.5242036
1077,14256,271323.6052,2103999.248,-17.52032161
1078,14257,271324.4337,2103999.807,-17.51643962
1079,14258,271325.2646,2104000.362,-17.51255763
1080,14259,271326.0979,2104000.913,-17.50867563
1081,14260,271326.9336,2104001.461,-17.50479364
1082,14261,271327.7717,2104002.005,-17.50091165
1083,14262,271328.6121,2104002.546,-17.49702966
1084,14263,271329.4548,2104003.083,-17.49314767
1085,14264,271330.2999,2104003.616,-17.48926568
1086,14265,271331.1473,2104004.145,-17.48538369
1087,14266,271331.997,2104004.671,-17.4815017
1088,14267,271332.849,2104005.193,-17.47761971
1089,14268,271333.7033,2104005.712,-17.47373772
1090,14269,271334.5597,2104006.226,-17.46985572
1091,14270,271335.4185,2104006.737,-17.46597373
1092,14271,271336.2794,2104007.245,-17.46209174
1093,14272,271337.1425,2104007.748,-17.45820975
1094,14273,271338.0078,2104008.248,-17.45432776
1095,14274,271338.8753,2104008.744,-17.45044577
1096,14275,271339.7449,2104009.236,-17.44656378
1097,14276,271340.6167,2104009.724,-17.44268179
1098,14277,271341.4905,2104010.209,-17.4387998
1099,14278,271342.3665,2104010.69,-17.43491781
1100,14279,271343.2445,2104011.167,-17.43103581
1101,14280,271344.1247,2104011.64,-17.42715382
1102,14281,271345.0068,2104012.109,-17.42327183
1103,14282,271345.891,2104012.575,-17.41938984
1104,14283,271346.7772,2104013.036,-17.41550785
1105,14284,271347.6654,2104013.494,-17.41162586
1106,14285,271348.5556,2104013.948,-17.40774387
1107,14286,271349.4478,2104014.398,-17.40386188
1108,14287,271350.3419,2104014.844,-17.39997989
1109,14288,271351.2379,2104015.286,-17.3960979
1110,14289,271352.1359,2104015.725,-17.3922159
1111,14290,271353.0357,2104016.159,-17.38833391
1112,14291,271353.9374,2104016.59,-17.38445192
1113,14292,271354.841,2104017.016,-17.38056993
1114,14293,271355.7465,2104017.439,-17.37668794
1115,14294,271356.6537,2104017.858,-17.37280595
1116,14295,271357.5628,2104018.273,-17.36892396
1117,14296,271358.4737,2104018.683,-17.36504197
1118,14297,271359.3863,2104019.09,-17.36115998
1119,14298,271360.3007,2104019.493,-17.35727799
1120,14299,271361.2169,2104019.892,-17.35339599
1121,14300,271362.1348,2104020.287,-17.349514
1122,14301,271363.0544,2104020.678,-17.34563201
1123,14302,271363.9756,2104021.065,-17.34175002
1124,14303,271364.8986,2104021.448,-17.33786803
1125,14304,271365.8232,2104021.827,-17.33398604
1126,14305,271366.7494,2104022.202,-17.33010405
1127,14306,271367.6773,2104022.573,-17.32622206
1128,14307,271368.6068,2104022.939,-17.32234007
1129,14308,271369.5378,2104023.302,-17.31845808
1130,14309,271370.4705,2104023.661,-17.31457608
1131,14310,271371.4046,2104024.016,-17.31069409
1132,14311,271372.3404,2104024.366,-17.3068121
1133,14312,271373.2776,2104024.713,-17.30293011
1134,14313,271374.2163,2104025.055,-17.29904812
1135,14314,271375.1565,2104025.394,-17.29516613
1136,14315,271376.0982,2104025.728,-17.29128414
1137,14316,271377.0413,2104026.058,-17.28740215
1138,14317,271377.9858,2104026.384,-17.28352016
1139,14318,271378.9318,2104026.706,-17.27963817
1140,14319,271379.8791,2104027.024,-17.27575617
1141,14320,271380.8278,2104027.338,-17.27187418
1142,14321,271381.7779,2104027.647,-17.26799219
1143,14322,271382.7293,2104027.953,-17.2641102
1144,14323,271383.682,2104028.254,-17.26022821
1145,14324,271384.636,2104028.551,-17.25634622
1146,14325,271385.5913,2104028.844,-17.25246423
1147,14326,271386.5479,2104029.133,-17.24858224
1148,14327,271387.5057,2104029.418,-17.24470025
1149,14328,271388.4648,2104029.698,-17.24081826
1150,14329,271389.425,2104029.975,-17.23693626
1151,14330,271390.3865,2104030.247,-17.23305427
1152,14331,271391.3491,2104030.515,-17.22917228
1153,14332,271392.3129,2104030.779,-17.22529029
1154,14333,271393.2778,2104031.038,-17.2214083
1155,14334,271394.2438,2104031.294,-17.21752631
1156,14335,271395.211,2104031.545,-17.21364432
1157,14336,271396.1792,2104031.792,-17.20976233
1158,14337,271397.1485,2104032.035,-17.20588034
1159,14338,271398.1188,2104032.274,-17.20199835
1160,14339,271399.0902,2104032.508,-17.19811635
1161,14340,271400.0626,2104032.738,-17.19423436
1162,14341,271401.0359,2104032.964,-17.19035237
1163,14342,271402.0103,2104033.186,-17.18647038
1164,14343,271402.9856,2104033.403,-17.18258839
1165,14344,271403.9618,2104033.616,-17.1787064
1166,14345,271404.9389,2104033.825,-17.17482441
1167,14346,271405.917,2104034.03,-17.17094242
1168,14347,271406.8959,2104034.23,-17.16706043
1169,14348,271407.8757,2104034.427,-17.16317844
1170,14349,271408.8563,2104034.619,-17.15929644
1171,14350,271409.8378,2104034.806,-17.15541445
1172,14351,271410.82,2104034.99,-17.15153246
1173,14352,271411.8031,2104035.169,-17.14765047
1174,14353,271412.7869,2104035.344,-17.14376848
1175,14354,271413.7715,2104035.514,-17.13988649
1176,14355,271414.7568,2104035.681,-17.1360045
1177,14356,271415.7428,2104035.843,-17.13212251
1178,14357,271416.7295,2104036,-17.12824052
1179,14358,271417.7169,2104036.154,-17.12435853
1180,14359,271418.705,2104036.303,-17.12047653
1181,14360,271419.6936,2104036.448,-17.11659454
1182,14361,271420.6829,2104036.588,-17.11271255
1183,14362,271421.6729,2104036.724,-17.10883056
1184,14363,271422.6633,2104036.856,-17.10494857
1185,14364,271423.6544,2104036.984,-17.10106658
1186,14365,271424.646,2104037.107,-17.09718459
1187,14366,271425.6381,2104037.226,-17.0933026
1188,14367,271426.6308,2104037.341,-17.08942061
1189,14368,271427.6239,2104037.451,-17.08553862
1190,14369,271428.6175,2104037.557,-17.08165662
1191,14370,271429.6115,2104037.659,-17.07777463
1192,14371,271430.606,2104037.756,-17.07389264
1193,14372,271431.6009,2104037.85,-17.07001065
1194,14373,271432.5962,2104037.938,-17.06612866
1195,14374,271433.5919,2104038.023,-17.06224667
1196,14375,271434.5879,2104038.103,-17.05836468
1197,14376,271435.5842,2104038.179,-17.05448269
1198,14377,271436.5809,2104038.25,-17.0506007
1199,14378,271437.5779,2104038.317,-17.04671871
1200,14379,271438.5752,2104038.38,-17.04283671
1201,14380,271439.5727,2104038.438,-17.03895472
1202,14381,271440.5705,2104038.492,-17.03507273
1203,14382,271441.5685,2104038.542,-17.03119074
1204,14383,271442.5667,2104038.587,-17.02730875
1205,14384,271443.5651,2104038.629,-17.02342676
1206,14385,271444.5636,2104038.665,-17.01954477
1207,14386,271445.5624,2104038.698,-17.01566278
1208,14387,271446.5612,2104038.726,-17.01178079
1209,14388,271447.5602,2104038.749,-17.0078988
1210,14389,271448.5592,2104038.769,-17.0040168
1211,14390,271449.5583,2104038.784,-17.00013481
1212,14391,271450.5575,2104038.794,-16.99625282
1213,14392,271451.5567,2104038.801,-16.99237083
1214,14393,271452.556,2104038.803,-16.98848884
1215,14394,271453.5552,2104038.8,-16.98460685
1216,14395,271454.5544,2104038.794,-16.98072486
1217,14396,271455.5536,2104038.783,-16.97684287
1218,14397,271456.5527,2104038.767,-16.97296088
1219,14398,271457.5518,2104038.747,-16.96907889
1220,14399,271458.5507,2104038.723,-16.96519689
1221,14400,271459.5495,2104038.695,-16.9613149
1222,14401,271460.5482,2104038.662,-16.95743291
1223,14402,271461.5468,2104038.625,-16.95355092
1224,14403,271462.5452,2104038.584,-16.94966893
1225,14404,271463.5434,2104038.538,-16.94578694
1226,14405,271464.5413,2104038.488,-16.94190495
1227,14406,271465.5391,2104038.433,-16.93802296
1228,14407,271466.5366,2104038.374,-16.93414097
1229,14408,271467.5338,2104038.311,-16.93025898
1230,14409,271468.5308,2104038.244,-16.92637698
1231,14410,271469.5274,2104038.172,-16.92249499
1232,14411,271470.5238,2104038.096,-16.918613
1233,14412,271471.5198,2104038.015,-16.9148141
1234,14413,271472.5154,2104037.93,-16.91119683
1235,14414,271473.5107,2104037.841,-16.90776139
1236,14415,271474.5055,2104037.748,-16.90450776
1237,14416,271475.5,2104037.65,-16.90143595
1238,14417,271476.494,2104037.548,-16.89854595
1239,14418,271477.4875,2104037.442,-16.89583778
1240,14419,271478.4806,2104037.331,-16.89331142
1241,14420,271479.4732,2104037.216,-16.89096688
1242,14421,271480.4653,2104037.096,-16.88880416
1243,14422,271481.4568,2104036.973,-16.88682325
1244,14423,271482.4478,2104036.845,-16.88502417
1245,14424,271483.4383,2104036.712,-16.8834069
1246,14425,271484.4281,2104036.576,-16.88197145
1247,14426,271485.4174,2104036.435,-16.88071781
1248,14427,271486.406,2104036.29,-16.879646
1249,14428,271487.394,2104036.14,-16.878756
1250,14429,271488.3813,2104035.986,-16.87804782
1251,14430,271489.368,2104035.828,-16.87752146
1252,14431,271490.3539,2104035.666,-16.87717691
1253,14432,271491.3392,2104035.499,-16.87701418
1254,14433,271492.3237,2104035.328,-16.877
1255,14434,271493.3074,2104035.153,-16.877
1256,14435,271494.2905,2104034.974,-16.87717793
1257,14436,271495.2733,2104034.793,-16.87814157
1258,14437,271496.2554,2104034.608,-16.87910521
1259,14438,271497.2367,2104034.42,-16.88006884
1260,14439,271498.2172,2104034.227,-16.88103248
1261,14440,271499.197,2104034.03,-16.88199612
1262,14441,271500.176,2104033.829,-16.88295975
1263,14442,271501.1543,2104033.624,-16.88392339
1264,14443,271502.1318,2104033.416,-16.88488703
1265,14444,271503.1085,2104033.204,-16.88585066
1266,14445,271504.0845,2104032.989,-16.8868143
1267,14446,271505.0598,2104032.77,-16.88777793
1268,14447,271506.0343,2104032.548,-16.88874157
1269,14448,271507.0081,2104032.322,-16.88970521
1270,14449,271507.9811,2104032.093,-16.89066884
1271,14450,271508.9534,2104031.862,-16.89163248
1272,14451,271509.925,2104031.627,-16.89259612
1273,14452,271510.8959,2104031.389,-16.89355975
1274,14453,271511.8661,2104031.148,-16.89452339
1275,14454,271512.8357,2104030.904,-16.89548703
1276,14455,271513.8045,2104030.658,-16.89645066
1277,14456,271514.7727,2104030.409,-16.8974143
1278,14457,271515.7402,2104030.157,-16.89837793
1279,14458,271516.7071,2104029.903,-16.89934157
1280,14459,271517.6733,2104029.646,-16.90030521
1281,14460,271518.639,2104029.387,-16.90126884
1282,14461,271519.604,2104029.126,-16.90223248
1283,14462,271520.5685,2104028.862,-16.90319612
1284,14463,271521.5324,2104028.597,-16.90415975
1285,14464,271522.4957,2104028.329,-16.90512339
1286,14465,271523.4585,2104028.059,-16.90608703
1287,14466,271524.4208,2104027.788,-16.90705066
1288,14467,271525.3826,2104027.514,-16.9080143
1289,14468,271526.3439,2104027.239,-16.90897793
1290,14469,271527.3047,2104026.963,-16.90994157
1291,14470,271528.2651,2104026.684,-16.91090521
1292,14471,271529.225,2104026.404,-16.91186884
1293,14472,271530.1846,2104026.123,-16.91283248
1294,14473,271531.1438,2104025.841,-16.91379612
1295,14474,271532.1025,2104025.557,-16.91475975
1296,14475,271533.061,2104025.272,-16.91572339
1297,14476,271534.0191,2104024.985,-16.91668703
1298,14477,271534.9769,2104024.698,-16.91765066
1299,14478,271535.9344,2104024.41,-16.9186143
1300,14479,271536.8917,2104024.121,-16.91957793
1301,14480,271537.8487,2104023.831,-16.92054157
1302,14481,271538.8055,2104023.54,-16.92150521
1303,14482,271539.7621,2104023.249,-16.92246884
1304,14483,271540.7186,2104022.957,-16.92343248
1305,14484,271541.6748,2104022.664,-16.92439612
1306,14485,271542.631,2104022.372,-16.92535975
1307,14486,271543.587,2104022.078,-16.92632339
1308,14487,271544.5429,2104021.785,-16.92728703
1309,14488,271545.4988,2104021.491,-16.92825066
1310,14489,271546.4547,2104021.197,-16.9292143
1311,14490,271547.4103,2104020.902,-16.93
1312,14491,271548.3652,2104020.605,-16.93
1313,14492,271549.32,2104020.308,-16.93
1314,14493,271550.2749,2104020.011,-16.93
1315,14494,271551.2298,2104019.714,-16.93
1316,14495,271552.1847,2104019.417,-16.93
1317,14496,271553.1395,2104019.12,-16.93
1318,14497,271554.0944,2104018.823,-16.93
1319,14498,271555.0493,2104018.526,-16.93
1320,14499,271556.0041,2104018.229,-16.93
1321,14500,271556.959,2104017.932,-16.93
